	date	location	cases
0	2021-10-15	Australia	2311
1	2021-10-16	Australia	2173
2	2021-10-17	Australia	2059
3	2021-10-18	Australia	2038
4	2021-10-19	Australia	2097
5	2021-10-20	Australia	2544
6	2021-10-21	Australia	2547
7	2021-10-22	Australia	1883
8	2021-10-23	Australia	2174
9	2021-10-24	Australia	1684
10	2021-10-25	Australia	1786
11	2021-10-26	Australia	1850
12	2021-10-27	Australia	2038
13	2021-10-28	Australia	1886
14	2021-10-29	Australia	1589
15	2021-10-30	Australia	1185
16	2021-10-31	Australia	1466
17	2021-11-01	Australia	1135
18	2021-11-02	Australia	1111
19	2021-11-03	Australia	1537
20	2021-11-04	Australia	1580
21	2021-11-05	Australia	1534
22	2021-11-06	Australia	1387
23	2021-11-07	Australia	1264
24	2021-11-08	Australia	1292
25	2021-11-09	Australia	1201
26	2021-11-10	Australia	1556
27	2021-11-11	Australia	1414
28	2021-11-12	Australia	1452
29	2021-11-13	Australia	1115
30	2021-11-14	Australia	995
31	2021-11-15	Australia	1014
32	2021-11-16	Australia	1228
33	2021-11-17	Australia	1267
34	2021-11-18	Australia	1505
35	2021-11-19	Australia	1360
36	2021-11-20	Australia	1465
37	2021-11-21	Australia	1207
38	2021-11-22	Australia	1002
39	2021-11-23	Australia	1464
40	2021-11-24	Australia	1527
41	2021-11-25	Australia	1627
42	2021-11-26	Australia	1480
43	2021-11-27	Australia	1235
44	2021-11-28	Australia	1155
45	2021-11-29	Australia	1099
46	2021-11-30	Australia	1417
47	2021-12-01	Australia	1702
48	2021-12-02	Australia	1522
49	2021-12-03	Australia	1708
50	2021-12-04	Australia	1249
51	2021-12-05	Australia	1285
52	2021-12-06	Australia	1434
53	2021-12-07	Australia	1705
54	2021-12-08	Australia	1654
55	2021-12-09	Australia	1711
56	2021-12-10	Australia	1757
57	2021-12-11	Australia	1543
58	2021-12-12	Australia	1843
59	2021-12-13	Australia	1970
60	2021-12-14	Australia	2809
61	2021-12-15	Australia	3423
62	2021-12-16	Australia	3802
63	2021-12-17	Australia	4017
64	2021-12-18	Australia	3862
65	2021-12-19	Australia	4031
66	2021-12-20	Australia	4492
67	2021-12-21	Australia	5531
68	2021-12-22	Australia	8357
69	2021-12-23	Australia	8218
70	2021-12-24	Australia	9855
71	2021-12-25	Australia	9459
72	2021-12-26	Australia	9884
73	2021-12-27	Australia	11797
74	2021-12-28	Australia	17678
75	2021-12-29	Australia	21369
76	2021-12-30	Australia	33811
77	2021-12-31	Australia	30363
78	2022-01-01	Australia	37459
79	2022-01-02	Australia	29608
80	2022-01-03	Australia	44745
81	2022-01-04	Australia	71495
82	2022-01-05	Australia	75426
83	2022-01-06	Australia	78229
84	2022-01-07	Australia	98092
85	2022-01-08	Australia	111907
86	2022-01-09	Australia	72834
87	2022-01-10	Australia	93806
88	2022-01-11	Australia	84408
89	2022-01-12	Australia	175271
90	2022-01-13	Australia	128185
91	2022-01-14	Australia	86288
92	2022-01-15	Australia	112867
93	2022-01-16	Australia	59891
94	2022-01-17	Australia	84355
95	2022-01-18	Australia	84615
96	2022-01-19	Australia	67604
97	2022-01-20	Australia	63941
98	2022-01-21	Australia	43166
99	2022-01-22	Australia	67182
100	2022-01-23	Australia	32234
101	2022-01-24	Australia	58022
102	2022-01-25	Australia	52920
103	2022-01-26	Australia	51016
104	2022-01-27	Australia	66223
105	2022-01-28	Australia	65980
106	2022-01-29	Australia	47258
107	2022-01-30	Australia	36719
108	2022-01-31	Australia	0
109	2022-02-01	Australia	40146
110	2022-02-02	Australia	24228
111	2022-02-03	Australia	32179
112	2022-02-04	Australia	27336
113	2022-02-05	Australia	22985
114	2022-02-06	Australia	25247
115	2022-02-07	Australia	27373
116	2022-02-08	Australia	31510
117	2022-02-09	Australia	11483
118	2022-02-10	Australia	31250
119	2022-02-11	Australia	22564
120	2022-02-12	Australia	25607
121	2022-02-13	Australia	18473
122	2021-10-15	Austria	2432
123	2021-10-16	Austria	2397
124	2021-10-17	Austria	2242
125	2021-10-18	Austria	1897
126	2021-10-19	Austria	2590
127	2021-10-20	Austria	3727
128	2021-10-21	Austria	3648
129	2021-10-22	Austria	3582
130	2021-10-23	Austria	3756
131	2021-10-24	Austria	3624
132	2021-10-25	Austria	2850
133	2021-10-26	Austria	3369
134	2021-10-27	Austria	4261
135	2021-10-28	Austria	4248
136	2021-10-29	Austria	5861
137	2021-10-30	Austria	6102
138	2021-10-31	Austria	5684
139	2021-11-01	Austria	4523
140	2021-11-02	Austria	5398
141	2021-11-03	Austria	6506
142	2021-11-04	Austria	8594
143	2021-11-05	Austria	9388
144	2021-11-06	Austria	9943
145	2021-11-07	Austria	8554
146	2021-11-08	Austria	8178
147	2021-11-09	Austria	7712
148	2021-11-10	Austria	11398
149	2021-11-11	Austria	11975
150	2021-11-12	Austria	11798
151	2021-11-13	Austria	13152
152	2021-11-14	Austria	11552
153	2021-11-15	Austria	11889
154	2021-11-16	Austria	10363
155	2021-11-17	Austria	14416
156	2021-11-18	Austria	15145
157	2021-11-19	Austria	15809
158	2021-11-20	Austria	15297
159	2021-11-21	Austria	14042
160	2021-11-22	Austria	13806
161	2021-11-23	Austria	9513
162	2021-11-24	Austria	15365
163	2021-11-25	Austria	13592
164	2021-11-26	Austria	12245
165	2021-11-27	Austria	11671
166	2021-11-28	Austria	10478
167	2021-11-29	Austria	8526
168	2021-11-30	Austria	8186
169	2021-12-01	Austria	10367
170	2021-12-02	Austria	8882
171	2021-12-03	Austria	6738
172	2021-12-04	Austria	7304
173	2021-12-05	Austria	5192
174	2021-12-06	Austria	4625
175	2021-12-07	Austria	4233
176	2021-12-08	Austria	5663
177	2021-12-09	Austria	4437
178	2021-12-10	Austria	3659
179	2021-12-11	Austria	4460
180	2021-12-12	Austria	2479
181	2021-12-13	Austria	4170
182	2021-12-14	Austria	2859
183	2021-12-15	Austria	4224
184	2021-12-16	Austria	3046
185	2021-12-17	Austria	2899
186	2021-12-18	Austria	2167
187	2021-12-19	Austria	2242
188	2021-12-20	Austria	1792
189	2021-12-21	Austria	2528
190	2021-12-22	Austria	2269
191	2021-12-23	Austria	2147
192	2021-12-24	Austria	2374
193	2021-12-25	Austria	2085
194	2021-12-26	Austria	1717
195	2021-12-27	Austria	1550
196	2021-12-28	Austria	2416
197	2021-12-29	Austria	3251
198	2021-12-30	Austria	3225
199	2021-12-31	Austria	3624
200	2022-01-01	Austria	3608
201	2022-01-02	Austria	3283
202	2022-01-03	Austria	3319
203	2022-01-04	Austria	5496
204	2022-01-05	Austria	9761
205	2022-01-06	Austria	8853
206	2022-01-07	Austria	8786
207	2022-01-08	Austria	7405
208	2022-01-09	Austria	10291
209	2022-01-10	Austria	10804
210	2022-01-11	Austria	11516
211	2022-01-12	Austria	17006
212	2022-01-13	Austria	15852
213	2022-01-14	Austria	16822
214	2022-01-15	Austria	16749
215	2022-01-16	Austria	15419
216	2022-01-17	Austria	15717
217	2022-01-18	Austria	16685
218	2022-01-19	Austria	27677
219	2022-01-20	Austria	1833
220	2022-01-21	Austria	25418
221	2022-01-22	Austria	46669
222	2022-01-23	Austria	22453
223	2022-01-24	Austria	25610
224	2022-01-25	Austria	24946
225	2022-01-26	Austria	34011
226	2022-01-27	Austria	43053
227	2022-01-28	Austria	38631
228	2022-01-29	Austria	34748
229	2022-01-30	Austria	27127
230	2022-01-31	Austria	27411
231	2022-02-01	Austria	25894
232	2022-02-02	Austria	39410
233	2022-02-03	Austria	38135
234	2022-02-04	Austria	36329
235	2022-02-05	Austria	32258
236	2022-02-06	Austria	29324
237	2022-02-07	Austria	27299
238	2022-02-08	Austria	27087
239	2022-02-09	Austria	38309
240	2022-02-10	Austria	35250
241	2022-02-11	Austria	32712
242	2022-02-12	Austria	31128
243	2022-02-13	Austria	25951
244	2021-10-15	Belgium	3648
245	2021-10-16	Belgium	0
246	2021-10-17	Belgium	0
247	2021-10-18	Belgium	9164
248	2021-10-19	Belgium	3854
249	2021-10-20	Belgium	6552
250	2021-10-21	Belgium	6239
251	2021-10-22	Belgium	6682
252	2021-10-23	Belgium	0
253	2021-10-24	Belgium	0
254	2021-10-25	Belgium	15842
255	2021-10-26	Belgium	5745
256	2021-10-27	Belgium	8771
257	2021-10-28	Belgium	9195
258	2021-10-29	Belgium	8737
259	2021-10-30	Belgium	0
260	2021-10-31	Belgium	0
261	2021-11-01	Belgium	0
262	2021-11-02	Belgium	0
263	2021-11-03	Belgium	32708
264	2021-11-04	Belgium	10190
265	2021-11-05	Belgium	0
266	2021-11-06	Belgium	10915
267	2021-11-07	Belgium	0
268	2021-11-08	Belgium	24367
269	2021-11-09	Belgium	0
270	2021-11-10	Belgium	24718
271	2021-11-11	Belgium	0
272	2021-11-12	Belgium	21164
273	2021-11-13	Belgium	0
274	2021-11-14	Belgium	0
275	2021-11-15	Belgium	27762
276	2021-11-16	Belgium	12388
277	2021-11-17	Belgium	18437
278	2021-11-18	Belgium	16699
279	2021-11-19	Belgium	21502
280	2021-11-20	Belgium	0
281	2021-11-21	Belgium	0
282	2021-11-22	Belgium	42060
283	2021-11-23	Belgium	12115
284	2021-11-24	Belgium	23350
285	2021-11-25	Belgium	20836
286	2021-11-26	Belgium	21772
287	2021-11-27	Belgium	0
288	2021-11-28	Belgium	0
289	2021-11-29	Belgium	47836
290	2021-11-30	Belgium	16566
291	2021-12-01	Belgium	20409
292	2021-12-02	Belgium	23113
293	2021-12-03	Belgium	17910
294	2021-12-04	Belgium	0
295	2021-12-05	Belgium	0
296	2021-12-06	Belgium	41439
297	2021-12-07	Belgium	10878
298	2021-12-08	Belgium	18714
299	2021-12-09	Belgium	16029
300	2021-12-10	Belgium	15245
301	2021-12-11	Belgium	0
302	2021-12-12	Belgium	0
303	2021-12-13	Belgium	29421
304	2021-12-14	Belgium	9076
305	2021-12-15	Belgium	11851
306	2021-12-16	Belgium	0
307	2021-12-17	Belgium	10040
308	2021-12-18	Belgium	9604
309	2021-12-19	Belgium	0
310	2021-12-20	Belgium	17390
311	2021-12-21	Belgium	293
312	2021-12-22	Belgium	5838
313	2021-12-23	Belgium	7593
314	2021-12-24	Belgium	7233
315	2021-12-25	Belgium	0
316	2021-12-26	Belgium	0
317	2021-12-27	Belgium	14760
318	2021-12-28	Belgium	9965
319	2021-12-29	Belgium	12945
320	2021-12-30	Belgium	13876
321	2021-12-31	Belgium	15686
322	2022-01-01	Belgium	0
323	2022-01-02	Belgium	0
324	2022-01-03	Belgium	27941
325	2022-01-04	Belgium	18630
326	2022-01-05	Belgium	27796
327	2022-01-06	Belgium	27282
328	2022-01-07	Belgium	24694
329	2022-01-08	Belgium	0
330	2022-01-09	Belgium	0
331	2022-01-10	Belgium	54846
332	2022-01-11	Belgium	21311
333	2022-01-12	Belgium	39321
334	2022-01-13	Belgium	0
335	2022-01-14	Belgium	63567
336	2022-01-15	Belgium	0
337	2022-01-16	Belgium	0
338	2022-01-17	Belgium	73296
339	2022-01-18	Belgium	37435
340	2022-01-19	Belgium	53851
341	2022-01-20	Belgium	67448
342	2022-01-21	Belgium	54478
343	2022-01-22	Belgium	0
344	2022-01-23	Belgium	0
345	2022-01-24	Belgium	133480
346	2022-01-25	Belgium	47493
347	2022-01-26	Belgium	61227
348	2022-01-27	Belgium	68285
349	2022-01-28	Belgium	48201
350	2022-01-29	Belgium	0
351	2022-01-30	Belgium	0
352	2022-01-31	Belgium	99314
353	2022-02-01	Belgium	28962
354	2022-02-02	Belgium	45428
355	2022-02-03	Belgium	38027
356	2022-02-04	Belgium	28382
357	2022-02-05	Belgium	0
358	2022-02-06	Belgium	0
359	2022-02-07	Belgium	48795
360	2022-02-08	Belgium	19057
361	2022-02-09	Belgium	22333
362	2022-02-10	Belgium	19616
363	2022-02-11	Belgium	15242
364	2022-02-12	Belgium	0
365	2022-02-13	Belgium	0
366	2021-10-15	Canada	3426
367	2021-10-16	Canada	1679
368	2021-10-17	Canada	1375
369	2021-10-18	Canada	5491
370	2021-10-19	Canada	2219
371	2021-10-20	Canada	2663
372	2021-10-21	Canada	2871
373	2021-10-22	Canada	2666
374	2021-10-23	Canada	1814
375	2021-10-24	Canada	1616
376	2021-10-25	Canada	3376
377	2021-10-26	Canada	1750
378	2021-10-27	Canada	2511
379	2021-10-28	Canada	2643
380	2021-10-29	Canada	2589
381	2021-10-30	Canada	1737
382	2021-10-31	Canada	1579
383	2021-11-01	Canada	3048
384	2021-11-02	Canada	1836
385	2021-11-03	Canada	2250
386	2021-11-04	Canada	2588
387	2021-11-05	Canada	2534
388	2021-11-06	Canada	1410
389	2021-11-07	Canada	1391
390	2021-11-08	Canada	4598
391	2021-11-09	Canada	2345
392	2021-11-10	Canada	2576
393	2021-11-11	Canada	1557
394	2021-11-12	Canada	3813
395	2021-11-13	Canada	1517
396	2021-11-14	Canada	1475
397	2021-11-15	Canada	4149
398	2021-11-16	Canada	1838
399	2021-11-17	Canada	2438
400	2021-11-18	Canada	2739
401	2021-11-19	Canada	2875
402	2021-11-20	Canada	1863
403	2021-11-21	Canada	1600
404	2021-11-22	Canada	4212
405	2021-11-23	Canada	2217
406	2021-11-24	Canada	2627
407	2021-11-25	Canada	4168
408	2021-11-26	Canada	3053
409	2021-11-27	Canada	2183
410	2021-11-28	Canada	1937
411	2021-11-29	Canada	3855
412	2021-11-30	Canada	2357
413	2021-12-01	Canada	3130
414	2021-12-02	Canada	3234
415	2021-12-03	Canada	3487
416	2021-12-04	Canada	2710
417	2021-12-05	Canada	2629
418	2021-12-06	Canada	4528
419	2021-12-07	Canada	2997
420	2021-12-08	Canada	3522
421	2021-12-09	Canada	4264
422	2021-12-10	Canada	2924
423	2021-12-11	Canada	5793
424	2021-12-12	Canada	3489
425	2021-12-13	Canada	5933
426	2021-12-14	Canada	4394
427	2021-12-15	Canada	5856
428	2021-12-16	Canada	7127
429	2021-12-17	Canada	9129
430	2021-12-18	Canada	7553
431	2021-12-19	Canada	8745
432	2021-12-20	Canada	14353
433	2021-12-21	Canada	11772
434	2021-12-22	Canada	14962
435	2021-12-23	Canada	20665
436	2021-12-24	Canada	23844
437	2021-12-25	Canada	20197
438	2021-12-26	Canada	18283
439	2021-12-27	Canada	21013
440	2021-12-28	Canada	24551
441	2021-12-29	Canada	48887
442	2021-12-30	Canada	39671
443	2021-12-31	Canada	40607
444	2022-01-01	Canada	37051
445	2022-01-02	Canada	33815
446	2022-01-03	Canada	39293
447	2022-01-04	Canada	47842
448	2022-01-05	Canada	38354
449	2022-01-06	Canada	41674
450	2022-01-07	Canada	44511
451	2022-01-08	Canada	30903
452	2022-01-09	Canada	29183
453	2022-01-10	Canada	58891
454	2022-01-11	Canada	30892
455	2022-01-12	Canada	33039
456	2022-01-13	Canada	31011
457	2022-01-14	Canada	40313
458	2022-01-15	Canada	19000
459	2022-01-16	Canada	18250
460	2022-01-17	Canada	44104
461	2022-01-18	Canada	20918
462	2022-01-19	Canada	22593
463	2022-01-20	Canada	23532
464	2022-01-21	Canada	22987
465	2022-01-22	Canada	14512
466	2022-01-23	Canada	5833
467	2022-01-24	Canada	20764
468	2022-01-25	Canada	28563
469	2022-01-26	Canada	5860
470	2022-01-27	Canada	31280
471	2022-01-28	Canada	17688
472	2022-01-29	Canada	9867
473	2022-01-30	Canada	8541
474	2022-01-31	Canada	21757
475	2022-02-01	Canada	10697
476	2022-02-02	Canada	15338
477	2022-02-03	Canada	14025
478	2022-02-04	Canada	14113
479	2022-02-05	Canada	7464
480	2022-02-06	Canada	6342
481	2022-02-07	Canada	15823
482	2022-02-08	Canada	9023
483	2022-02-09	Canada	10806
484	2022-02-10	Canada	10923
485	2022-02-11	Canada	7664
486	2022-02-12	Canada	8268
487	2022-02-13	Canada	4401
488	2021-10-15	Denmark	700
489	2021-10-16	Denmark	753
490	2021-10-17	Denmark	591
491	2021-10-18	Denmark	752
492	2021-10-19	Denmark	756
493	2021-10-20	Denmark	1127
494	2021-10-21	Denmark	1247
495	2021-10-22	Denmark	1270
496	2021-10-23	Denmark	1262
497	2021-10-24	Denmark	1349
498	2021-10-25	Denmark	1411
499	2021-10-26	Denmark	1253
500	2021-10-27	Denmark	1871
501	2021-10-28	Denmark	1847
502	2021-10-29	Denmark	1784
503	2021-10-30	Denmark	1671
504	2021-10-31	Denmark	1532
505	2021-11-01	Denmark	1457
506	2021-11-02	Denmark	1981
507	2021-11-03	Denmark	1978
508	2021-11-04	Denmark	2598
509	2021-11-05	Denmark	2251
510	2021-11-06	Denmark	2097
511	2021-11-07	Denmark	2416
512	2021-11-08	Denmark	2294
513	2021-11-09	Denmark	2562
514	2021-11-10	Denmark	3017
515	2021-11-11	Denmark	2132
516	2021-11-12	Denmark	4585
517	2021-11-13	Denmark	2948
518	2021-11-14	Denmark	3223
519	2021-11-15	Denmark	3670
520	2021-11-16	Denmark	3899
521	2021-11-17	Denmark	3907
522	2021-11-18	Denmark	4013
523	2021-11-19	Denmark	4070
524	2021-11-20	Denmark	3795
525	2021-11-21	Denmark	3415
526	2021-11-22	Denmark	3711
527	2021-11-23	Denmark	4199
528	2021-11-24	Denmark	4426
529	2021-11-25	Denmark	4390
530	2021-11-26	Denmark	4076
531	2021-11-27	Denmark	3744
532	2021-11-28	Denmark	4290
533	2021-11-29	Denmark	4326
534	2021-11-30	Denmark	4148
535	2021-12-01	Denmark	5120
536	2021-12-02	Denmark	4680
537	2021-12-03	Denmark	4559
538	2021-12-04	Denmark	4325
539	2021-12-05	Denmark	3026
540	2021-12-06	Denmark	7146
541	2021-12-07	Denmark	6324
542	2021-12-08	Denmark	6629
543	2021-12-09	Denmark	6985
544	2021-12-10	Denmark	6599
545	2021-12-11	Denmark	5606
546	2021-12-12	Denmark	5989
547	2021-12-13	Denmark	7799
548	2021-12-14	Denmark	8314
549	2021-12-15	Denmark	8773
550	2021-12-16	Denmark	9999
551	2021-12-17	Denmark	11194
552	2021-12-18	Denmark	8594
553	2021-12-19	Denmark	8212
554	2021-12-20	Denmark	10082
555	2021-12-21	Denmark	20578
556	2021-12-22	Denmark	13386
557	2021-12-23	Denmark	12487
558	2021-12-24	Denmark	11229
559	2021-12-25	Denmark	0
560	2021-12-26	Denmark	0
561	2021-12-27	Denmark	41035
562	2021-12-28	Denmark	13000
563	2021-12-29	Denmark	23228
564	2021-12-30	Denmark	21403
565	2021-12-31	Denmark	18695
566	2022-01-01	Denmark	20885
567	2022-01-02	Denmark	7954
568	2022-01-03	Denmark	8801
569	2022-01-04	Denmark	25073
570	2022-01-05	Denmark	28283
571	2022-01-06	Denmark	25995
572	2022-01-07	Denmark	18261
573	2022-01-08	Denmark	12588
574	2022-01-09	Denmark	19248
575	2022-01-10	Denmark	14414
576	2022-01-11	Denmark	22396
577	2022-01-12	Denmark	24343
578	2022-01-13	Denmark	25751
579	2022-01-14	Denmark	23614
580	2022-01-15	Denmark	25034
581	2022-01-16	Denmark	26169
582	2022-01-17	Denmark	28780
583	2022-01-18	Denmark	33493
584	2022-01-19	Denmark	38759
585	2022-01-20	Denmark	40626
586	2022-01-21	Denmark	46831
587	2022-01-22	Denmark	36120
588	2022-01-23	Denmark	42018
589	2022-01-24	Denmark	40348
590	2022-01-25	Denmark	46590
591	2022-01-26	Denmark	46747
592	2022-01-27	Denmark	51033
593	2022-01-28	Denmark	53655
594	2022-01-29	Denmark	41083
595	2022-01-30	Denmark	36196
596	2022-01-31	Denmark	29084
597	2022-02-01	Denmark	45366
598	2022-02-02	Denmark	55001
599	2022-02-03	Denmark	44225
600	2022-02-04	Denmark	40179
601	2022-02-05	Denmark	39190
602	2022-02-06	Denmark	36512
603	2022-02-07	Denmark	34849
604	2022-02-08	Denmark	49798
605	2022-02-09	Denmark	55120
606	2022-02-10	Denmark	53747
607	2022-02-11	Denmark	48170
608	2022-02-12	Denmark	44350
609	2022-02-13	Denmark	38323
610	2021-10-15	France	6099
611	2021-10-16	France	4899
612	2021-10-17	France	3778
613	2021-10-18	France	1057
614	2021-10-19	France	5945
615	2021-10-20	France	6036
616	2021-10-21	France	6127
617	2021-10-22	France	6366
618	2021-10-23	France	6291
619	2021-10-24	France	5005
620	2021-10-25	France	1295
621	2021-10-26	France	6635
622	2021-10-27	France	6999
623	2021-10-28	France	5990
624	2021-10-29	France	6433
625	2021-10-30	France	7360
626	2021-10-31	France	6329
627	2021-11-01	France	1866
628	2021-11-02	France	2039
629	2021-11-03	France	10230
630	2021-11-04	France	9344
631	2021-11-05	France	8998
632	2021-11-06	France	9605
633	2021-11-07	France	8547
634	2021-11-08	France	2197
635	2021-11-09	France	12511
636	2021-11-10	France	11883
637	2021-11-11	France	12603
638	2021-11-12	France	3860
639	2021-11-13	France	14646
640	2021-11-14	France	12496
641	2021-11-15	France	3259
642	2021-11-16	France	19778
643	2021-11-17	France	20294
644	2021-11-18	France	20366
645	2021-11-19	France	21220
646	2021-11-20	France	22678
647	2021-11-21	France	19749
648	2021-11-22	France	5291
649	2021-11-23	France	30454
650	2021-11-24	France	32591
651	2021-11-25	France	33464
652	2021-11-26	France	34436
653	2021-11-27	France	37057
654	2021-11-28	France	31581
655	2021-11-29	France	8507
656	2021-11-30	France	47201
657	2021-12-01	France	49610
658	2021-12-02	France	48416
659	2021-12-03	France	49858
660	2021-12-04	France	51464
661	2021-12-05	France	42153
662	2021-12-06	France	11578
663	2021-12-07	France	59019
664	2021-12-08	France	61340
665	2021-12-09	France	56854
666	2021-12-10	France	55140
667	2021-12-11	France	53919
668	2021-12-12	France	43848
669	2021-12-13	France	12064
670	2021-12-14	France	63405
671	2021-12-15	France	65713
672	2021-12-16	France	60866
673	2021-12-17	France	58128
674	2021-12-18	France	58536
675	2021-12-19	France	48473
676	2021-12-20	France	15075
677	2021-12-21	France	72857
678	2021-12-22	France	84272
679	2021-12-23	France	91608
680	2021-12-24	France	94124
681	2021-12-25	France	104611
682	2021-12-26	France	27697
683	2021-12-27	France	30459
684	2021-12-28	France	179808
685	2021-12-29	France	208099
686	2021-12-30	France	206544
687	2021-12-31	France	232200
688	2022-01-01	France	219126
689	2022-01-02	France	58432
690	2022-01-03	France	67461
691	2022-01-04	France	271746
692	2022-01-05	France	332252
693	2022-01-06	France	262787
694	2022-01-07	France	328214
695	2022-01-08	France	303669
696	2022-01-09	France	296097
697	2022-01-10	France	93896
698	2022-01-11	France	368379
699	2022-01-12	France	361719
700	2022-01-13	France	308221
701	2022-01-14	France	329371
702	2022-01-15	France	324580
703	2022-01-16	France	278129
704	2022-01-17	France	102169
705	2022-01-18	France	464769
706	2022-01-19	France	436167
707	2022-01-20	France	426943
708	2022-01-21	France	400851
709	2022-01-22	France	389320
710	2022-01-23	France	301614
711	2022-01-24	France	108481
712	2022-01-25	France	502507
713	2022-01-26	France	427136
714	2022-01-27	France	392617
715	2022-01-28	France	353503
716	2022-01-29	France	332398
717	2022-01-30	France	249448
718	2022-01-31	France	86376
719	2022-02-01	France	413177
720	2022-02-02	France	315363
721	2022-02-03	France	274352
722	2022-02-04	France	241049
723	2022-02-05	France	214542
724	2022-02-06	France	155439
725	2022-02-07	France	46001
726	2022-02-08	France	235267
727	2022-02-09	France	0
728	2022-02-10	France	333226
729	2022-02-11	France	131376
730	2022-02-12	France	118611
731	2022-02-13	France	86562
732	2021-10-15	Germany	11664
733	2021-10-16	Germany	8420
734	2021-10-17	Germany	6766
735	2021-10-18	Germany	6562
736	2021-10-19	Germany	22340
737	2021-10-20	Germany	18802
738	2021-10-21	Germany	17508
739	2021-10-22	Germany	15093
740	2021-10-23	Germany	3849
741	2021-10-24	Germany	9905
742	2021-10-25	Germany	9359
743	2021-10-26	Germany	31402
744	2021-10-27	Germany	28826
745	2021-10-28	Germany	8079
746	2021-10-29	Germany	37520
747	2021-10-30	Germany	17248
748	2021-10-31	Germany	0
749	2021-11-01	Germany	11315
750	2021-11-02	Germany	30691
751	2021-11-03	Germany	34498
752	2021-11-04	Germany	37640
753	2021-11-05	Germany	33785
754	2021-11-06	Germany	23788
755	2021-11-07	Germany	12788
756	2021-11-08	Germany	23714
757	2021-11-09	Germany	41286
758	2021-11-10	Germany	51077
759	2021-11-11	Germany	48834
760	2021-11-12	Germany	45356
761	2021-11-13	Germany	34309
762	2021-11-14	Germany	19203
763	2021-11-15	Germany	34958
764	2021-11-16	Germany	53627
765	2021-11-17	Germany	68366
766	2021-11-18	Germany	58768
767	2021-11-19	Germany	57302
768	2021-11-20	Germany	45183
769	2021-11-21	Germany	26241
770	2021-11-22	Germany	47887
771	2021-11-23	Germany	68049
772	2021-11-24	Germany	79051
773	2021-11-25	Germany	74579
774	2021-11-26	Germany	65584
775	2021-11-27	Germany	44977
776	2021-11-28	Germany	23325
777	2021-11-29	Germany	50745
778	2021-11-30	Germany	68680
779	2021-12-01	Germany	75456
780	2021-12-02	Germany	73279
781	2021-12-03	Germany	62193
782	2021-12-04	Germany	43500
783	2021-12-05	Germany	22945
784	2021-12-06	Germany	18322
785	2021-12-07	Germany	93087
786	2021-12-08	Germany	27482
787	2021-12-09	Germany	103018
788	2021-12-10	Germany	53296
789	2021-12-11	Germany	32752
790	2021-12-12	Germany	17116
791	2021-12-13	Germany	35423
792	2021-12-14	Germany	52233
793	2021-12-15	Germany	56902
794	2021-12-16	Germany	51400
795	2021-12-17	Germany	15716
796	2021-12-18	Germany	55603
797	2021-12-19	Germany	0
798	2021-12-20	Germany	21742
799	2021-12-21	Germany	64949
800	2021-12-22	Germany	44313
801	2021-12-23	Germany	34420
802	2021-12-24	Germany	4068
803	2021-12-25	Germany	17238
804	2021-12-26	Germany	10172
805	2021-12-27	Germany	18750
806	2021-12-28	Germany	30998
807	2021-12-29	Germany	69956
808	2021-12-30	Germany	42070
809	2021-12-31	Germany	21764
810	2022-01-01	Germany	2968
811	2022-01-02	Germany	12636
812	2022-01-03	Germany	50013
813	2022-01-04	Germany	61905
814	2022-01-05	Germany	67337
815	2022-01-06	Germany	59110
816	2022-01-07	Germany	52621
817	2022-01-08	Germany	32128
818	2022-01-09	Germany	21839
819	2022-01-10	Germany	16618
820	2022-01-11	Germany	120271
821	2022-01-12	Germany	86232
822	2022-01-13	Germany	89920
823	2022-01-14	Germany	77175
824	2022-01-15	Germany	44251
825	2022-01-16	Germany	33129
826	2022-01-17	Germany	82818
827	2022-01-18	Germany	118105
828	2022-01-19	Germany	139000
829	2022-01-20	Germany	140870
830	2022-01-21	Germany	133329
831	2022-01-22	Germany	81343
832	2022-01-23	Germany	56226
833	2022-01-24	Germany	136473
834	2022-01-25	Germany	179169
835	2022-01-26	Germany	228608
836	2022-01-27	Germany	160323
837	2022-01-28	Germany	184054
838	2022-01-29	Germany	113190
839	2022-01-30	Germany	71185
840	2022-01-31	Germany	179431
841	2022-02-01	Germany	211277
842	2022-02-02	Germany	238252
843	2022-02-03	Germany	248652
844	2022-02-04	Germany	214386
845	2022-02-05	Germany	127116
846	2022-02-06	Germany	82363
847	2022-02-07	Germany	51377
848	2022-02-08	Germany	380632
849	2022-02-09	Germany	252813
850	2022-02-10	Germany	236080
851	2022-02-11	Germany	206242
852	2022-02-12	Germany	116810
853	2022-02-13	Germany	62841
854	2021-10-15	India	15981
855	2021-10-16	India	14146
856	2021-10-17	India	13596
857	2021-10-18	India	13058
858	2021-10-19	India	14623
859	2021-10-20	India	18454
860	2021-10-21	India	15786
861	2021-10-22	India	16326
862	2021-10-23	India	15906
863	2021-10-24	India	14306
864	2021-10-25	India	12428
865	2021-10-26	India	13451
866	2021-10-27	India	16156
867	2021-10-28	India	14348
868	2021-10-29	India	14313
869	2021-10-30	India	12830
870	2021-10-31	India	12514
871	2021-11-01	India	10423
872	2021-11-02	India	11903
873	2021-11-03	India	12885
874	2021-11-04	India	12729
875	2021-11-05	India	10929
876	2021-11-06	India	10826
877	2021-11-07	India	11478
878	2021-11-08	India	10126
879	2021-11-09	India	11466
880	2021-11-10	India	13091
881	2021-11-11	India	12516
882	2021-11-12	India	11850
883	2021-11-13	India	11271
884	2021-11-14	India	10229
885	2021-11-15	India	8865
886	2021-11-16	India	10197
887	2021-11-17	India	11919
888	2021-11-18	India	11106
889	2021-11-19	India	10302
890	2021-11-20	India	10488
891	2021-11-21	India	8488
892	2021-11-22	India	7579
893	2021-11-23	India	9283
894	2021-11-24	India	9119
895	2021-11-25	India	10549
896	2021-11-26	India	8318
897	2021-11-27	India	8774
898	2021-11-28	India	8309
899	2021-11-29	India	6990
900	2021-11-30	India	8954
901	2021-12-01	India	9765
902	2021-12-02	India	9216
903	2021-12-03	India	8603
904	2021-12-04	India	0
905	2021-12-05	India	17201
906	2021-12-06	India	6822
907	2021-12-07	India	8439
908	2021-12-08	India	9419
909	2021-12-09	India	8402
910	2021-12-10	India	7990
911	2021-12-11	India	7877
912	2021-12-12	India	7350
913	2021-12-13	India	5784
914	2021-12-14	India	6984
915	2021-12-15	India	7974
916	2021-12-16	India	7447
917	2021-12-17	India	0
918	2021-12-18	India	7145
919	2021-12-19	India	13644
920	2021-12-20	India	5326
921	2021-12-21	India	6317
922	2021-12-22	India	7495
923	2021-12-23	India	6650
924	2021-12-24	India	7189
925	2021-12-25	India	6987
926	2021-12-26	India	6531
927	2021-12-27	India	6358
928	2021-12-28	India	9195
929	2021-12-29	India	13154
930	2021-12-30	India	16764
931	2021-12-31	India	22775
932	2022-01-01	India	27553
933	2022-01-02	India	33750
934	2022-01-03	India	37379
935	2022-01-04	India	58097
936	2022-01-05	India	90928
937	2022-01-06	India	117100
938	2022-01-07	India	141986
939	2022-01-08	India	159632
940	2022-01-09	India	179723
941	2022-01-10	India	168063
942	2022-01-11	India	194720
943	2022-01-12	India	247417
944	2022-01-13	India	264202
945	2022-01-14	India	268833
946	2022-01-15	India	271202
947	2022-01-16	India	258089
948	2022-01-17	India	238018
949	2022-01-18	India	282970
950	2022-01-19	India	317532
951	2022-01-20	India	347254
952	2022-01-21	India	337704
953	2022-01-22	India	333533
954	2022-01-23	India	306064
955	2022-01-24	India	255874
956	2022-01-25	India	285914
957	2022-01-26	India	286384
958	2022-01-27	India	251209
959	2022-01-28	India	235532
960	2022-01-29	India	234281
961	2022-01-30	India	209918
962	2022-01-31	India	167059
963	2022-02-01	India	161386
964	2022-02-02	India	172433
965	2022-02-03	India	149394
966	2022-02-04	India	127952
967	2022-02-05	India	107474
968	2022-02-06	India	83876
969	2022-02-07	India	67597
970	2022-02-08	India	71365
971	2022-02-09	India	67084
972	2022-02-10	India	58077
973	2022-02-11	India	50407
974	2022-02-12	India	44877
975	2022-02-13	India	34113
976	2021-10-15	Indonesia	915
977	2021-10-16	Indonesia	997
978	2021-10-17	Indonesia	747
979	2021-10-18	Indonesia	626
980	2021-10-19	Indonesia	903
981	2021-10-20	Indonesia	914
982	2021-10-21	Indonesia	633
983	2021-10-22	Indonesia	760
984	2021-10-23	Indonesia	802
985	2021-10-24	Indonesia	623
986	2021-10-25	Indonesia	460
987	2021-10-26	Indonesia	611
988	2021-10-27	Indonesia	719
989	2021-10-28	Indonesia	723
990	2021-10-29	Indonesia	683
991	2021-10-30	Indonesia	620
992	2021-10-31	Indonesia	523
993	2021-11-01	Indonesia	403
994	2021-11-02	Indonesia	612
995	2021-11-03	Indonesia	801
996	2021-11-04	Indonesia	628
997	2021-11-05	Indonesia	518
998	2021-11-06	Indonesia	401
999	2021-11-07	Indonesia	444
1000	2021-11-08	Indonesia	244
1001	2021-11-09	Indonesia	434
1002	2021-11-10	Indonesia	480
1003	2021-11-11	Indonesia	435
1004	2021-11-12	Indonesia	399
1005	2021-11-13	Indonesia	359
1006	2021-11-14	Indonesia	339
1007	2021-11-15	Indonesia	221
1008	2021-11-16	Indonesia	347
1009	2021-11-17	Indonesia	522
1010	2021-11-18	Indonesia	400
1011	2021-11-19	Indonesia	360
1012	2021-11-20	Indonesia	393
1013	2021-11-21	Indonesia	314
1014	2021-11-22	Indonesia	186
1015	2021-11-23	Indonesia	394
1016	2021-11-24	Indonesia	451
1017	2021-11-25	Indonesia	372
1018	2021-11-26	Indonesia	453
1019	2021-11-27	Indonesia	404
1020	2021-11-28	Indonesia	264
1021	2021-11-29	Indonesia	176
1022	2021-11-30	Indonesia	297
1023	2021-12-01	Indonesia	278
1024	2021-12-02	Indonesia	311
1025	2021-12-03	Indonesia	245
1026	2021-12-04	Indonesia	246
1027	2021-12-05	Indonesia	196
1028	2021-12-06	Indonesia	130
1029	2021-12-07	Indonesia	261
1030	2021-12-08	Indonesia	264
1031	2021-12-09	Indonesia	220
1032	2021-12-10	Indonesia	192
1033	2021-12-11	Indonesia	228
1034	2021-12-12	Indonesia	163
1035	2021-12-13	Indonesia	106
1036	2021-12-14	Indonesia	190
1037	2021-12-15	Indonesia	205
1038	2021-12-16	Indonesia	213
1039	2021-12-17	Indonesia	291
1040	2021-12-18	Indonesia	232
1041	2021-12-19	Indonesia	164
1042	2021-12-20	Indonesia	133
1043	2021-12-21	Indonesia	216
1044	2021-12-22	Indonesia	179
1045	2021-12-23	Indonesia	136
1046	2021-12-24	Indonesia	204
1047	2021-12-25	Indonesia	255
1048	2021-12-26	Indonesia	0
1049	2021-12-27	Indonesia	212
1050	2021-12-28	Indonesia	278
1051	2021-12-29	Indonesia	194
1052	2021-12-30	Indonesia	189
1053	2021-12-31	Indonesia	180
1054	2022-01-01	Indonesia	274
1055	2022-01-02	Indonesia	174
1056	2022-01-03	Indonesia	265
1057	2022-01-04	Indonesia	299
1058	2022-01-05	Indonesia	404
1059	2022-01-06	Indonesia	533
1060	2022-01-07	Indonesia	518
1061	2022-01-08	Indonesia	479
1062	2022-01-09	Indonesia	529
1063	2022-01-10	Indonesia	454
1064	2022-01-11	Indonesia	802
1065	2022-01-12	Indonesia	646
1066	2022-01-13	Indonesia	793
1067	2022-01-14	Indonesia	850
1068	2022-01-15	Indonesia	1054
1069	2022-01-16	Indonesia	855
1070	2022-01-17	Indonesia	772
1071	2022-01-18	Indonesia	1362
1072	2022-01-19	Indonesia	1745
1073	2022-01-20	Indonesia	2116
1074	2022-01-21	Indonesia	2604
1075	2022-01-22	Indonesia	3205
1076	2022-01-23	Indonesia	2925
1077	2022-01-24	Indonesia	2927
1078	2022-01-25	Indonesia	4878
1079	2022-01-26	Indonesia	7010
1080	2022-01-27	Indonesia	8077
1081	2022-01-28	Indonesia	9905
1082	2022-01-29	Indonesia	11588
1083	2022-01-30	Indonesia	12422
1084	2022-01-31	Indonesia	10185
1085	2022-02-01	Indonesia	16021
1086	2022-02-02	Indonesia	17895
1087	2022-02-03	Indonesia	27197
1088	2022-02-04	Indonesia	32211
1089	2022-02-05	Indonesia	33729
1090	2022-02-06	Indonesia	36057
1091	2022-02-07	Indonesia	26121
1092	2022-02-08	Indonesia	37492
1093	2022-02-09	Indonesia	46843
1094	2022-02-10	Indonesia	40618
1095	2022-02-11	Indonesia	40489
1096	2022-02-12	Indonesia	55209
1097	2022-02-13	Indonesia	44526
1098	2021-10-15	Israel	1305
1099	2021-10-16	Israel	1104
1100	2021-10-17	Israel	1000
1101	2021-10-18	Israel	1441
1102	2021-10-19	Israel	1243
1103	2021-10-20	Israel	901
1104	2021-10-21	Israel	1060
1105	2021-10-22	Israel	932
1106	2021-10-23	Israel	501
1107	2021-10-24	Israel	684
1108	2021-10-25	Israel	961
1109	2021-10-26	Israel	857
1110	2021-10-27	Israel	599
1111	2021-10-28	Israel	675
1112	2021-10-29	Israel	571
1113	2021-10-30	Israel	384
1114	2021-10-31	Israel	332
1115	2021-11-01	Israel	760
1116	2021-11-02	Israel	3379
1117	2021-11-03	Israel	650
1118	2021-11-04	Israel	554
1119	2021-11-05	Israel	462
1120	2021-11-06	Israel	342
1121	2021-11-07	Israel	384
1122	2021-11-08	Israel	777
1123	2021-11-09	Israel	418
1124	2021-11-10	Israel	470
1125	2021-11-11	Israel	520
1126	2021-11-12	Israel	413
1127	2021-11-13	Israel	295
1128	2021-11-14	Israel	308
1129	2021-11-15	Israel	591
1130	2021-11-16	Israel	452
1131	2021-11-17	Israel	580
1132	2021-11-18	Israel	445
1133	2021-11-19	Israel	465
1134	2021-11-20	Israel	361
1135	2021-11-21	Israel	351
1136	2021-11-22	Israel	701
1137	2021-11-23	Israel	0
1138	2021-11-24	Israel	494
1139	2021-11-25	Israel	607
1140	2021-11-26	Israel	453
1141	2021-11-27	Israel	340
1142	2021-11-28	Israel	329
1143	2021-11-29	Israel	766
1144	2021-11-30	Israel	684
1145	2021-12-01	Israel	443
1146	2021-12-02	Israel	565
1147	2021-12-03	Israel	415
1148	2021-12-04	Israel	359
1149	2021-12-05	Israel	473
1150	2021-12-06	Israel	755
1151	2021-12-07	Israel	804
1152	2021-12-08	Israel	755
1153	2021-12-09	Israel	571
1154	2021-12-10	Israel	585
1155	2021-12-11	Israel	356
1156	2021-12-12	Israel	474
1157	2021-12-13	Israel	800
1158	2021-12-14	Israel	761
1159	2021-12-15	Israel	627
1160	2021-12-16	Israel	878
1161	2021-12-17	Israel	720
1162	2021-12-18	Israel	696
1163	2021-12-19	Israel	794
1164	2021-12-20	Israel	1356
1165	2021-12-21	Israel	1120
1166	2021-12-22	Israel	1200
1167	2021-12-23	Israel	1745
1168	2021-12-24	Israel	1351
1169	2021-12-25	Israel	1455
1170	2021-12-26	Israel	1241
1171	2021-12-27	Israel	3046
1172	2021-12-28	Israel	2995
1173	2021-12-29	Israel	3446
1174	2021-12-30	Israel	5600
1175	2021-12-31	Israel	3886
1176	2022-01-01	Israel	6121
1177	2022-01-02	Israel	5060
1178	2022-01-03	Israel	9803
1179	2022-01-04	Israel	6882
1180	2022-01-05	Israel	17232
1181	2022-01-06	Israel	19418
1182	2022-01-07	Israel	14745
1183	2022-01-08	Israel	22398
1184	2022-01-09	Israel	17491
1185	2022-01-10	Israel	54515
1186	2022-01-11	Israel	31502
1187	2022-01-12	Israel	80523
1188	2022-01-13	Israel	25883
1189	2022-01-14	Israel	23477
1190	2022-01-15	Israel	54647
1191	2022-01-16	Israel	18501
1192	2022-01-17	Israel	0
1193	2022-01-18	Israel	0
1194	2022-01-19	Israel	243295
1195	2022-01-20	Israel	68513
1196	2022-01-21	Israel	64071
1197	2022-01-22	Israel	44580
1198	2022-01-23	Israel	0
1199	2022-01-24	Israel	212234
1200	2022-01-25	Israel	80643
1201	2022-01-26	Israel	93983
1202	2022-01-27	Israel	60271
1203	2022-01-28	Israel	45376
1204	2022-01-29	Israel	53928
1205	2022-01-30	Israel	71130
1206	2022-01-31	Israel	70415
1207	2022-02-01	Israel	65875
1208	2022-02-02	Israel	70691
1209	2022-02-03	Israel	58677
1210	2022-02-04	Israel	15488
1211	2022-02-05	Israel	31511
1212	2022-02-06	Israel	53730
1213	2022-02-07	Israel	50878
1214	2022-02-08	Israel	38854
1215	2022-02-09	Israel	29955
1216	2022-02-10	Israel	31422
1217	2022-02-11	Israel	27047
1218	2022-02-12	Israel	20061
1219	2022-02-13	Israel	31338
1220	2021-10-15	Italy	2729
1221	2021-10-16	Italy	2982
1222	2021-10-17	Italy	2435
1223	2021-10-18	Italy	1594
1224	2021-10-19	Italy	2695
1225	2021-10-20	Italy	3699
1226	2021-10-21	Italy	3791
1227	2021-10-22	Italy	3879
1228	2021-10-23	Italy	3905
1229	2021-10-24	Italy	3723
1230	2021-10-25	Italy	2535
1231	2021-10-26	Italy	4053
1232	2021-10-27	Italy	4595
1233	2021-10-28	Italy	4863
1234	2021-10-29	Italy	5332
1235	2021-10-30	Italy	4877
1236	2021-10-31	Italy	4525
1237	2021-11-01	Italy	2818
1238	2021-11-02	Italy	2831
1239	2021-11-03	Italy	5188
1240	2021-11-04	Italy	5902
1241	2021-11-05	Italy	6761
1242	2021-11-06	Italy	6760
1243	2021-11-07	Italy	5822
1244	2021-11-08	Italy	4547
1245	2021-11-09	Italy	6111
1246	2021-11-10	Italy	8033
1247	2021-11-11	Italy	8697
1248	2021-11-12	Italy	8522
1249	2021-11-13	Italy	8539
1250	2021-11-14	Italy	7565
1251	2021-11-15	Italy	5199
1252	2021-11-16	Italy	7815
1253	2021-11-17	Italy	10167
1254	2021-11-18	Italy	10645
1255	2021-11-19	Italy	10554
1256	2021-11-20	Italy	11540
1257	2021-11-21	Italy	9707
1258	2021-11-22	Italy	6403
1259	2021-11-23	Italy	10044
1260	2021-11-24	Italy	12450
1261	2021-11-25	Italy	13756
1262	2021-11-26	Italy	13681
1263	2021-11-27	Italy	12869
1264	2021-11-28	Italy	12927
1265	2021-11-29	Italy	7972
1266	2021-11-30	Italy	12757
1267	2021-12-01	Italy	15073
1268	2021-12-02	Italy	16810
1269	2021-12-03	Italy	17015
1270	2021-12-04	Italy	16627
1271	2021-12-05	Italy	15010
1272	2021-12-06	Italy	9494
1273	2021-12-07	Italy	15742
1274	2021-12-08	Italy	17946
1275	2021-12-09	Italy	12516
1276	2021-12-10	Italy	20490
1277	2021-12-11	Italy	21035
1278	2021-12-12	Italy	19212
1279	2021-12-13	Italy	12704
1280	2021-12-14	Italy	20665
1281	2021-12-15	Italy	23190
1282	2021-12-16	Italy	26104
1283	2021-12-17	Italy	28615
1284	2021-12-18	Italy	28057
1285	2021-12-19	Italy	24303
1286	2021-12-20	Italy	16205
1287	2021-12-21	Italy	30783
1288	2021-12-22	Italy	36326
1289	2021-12-23	Italy	44585
1290	2021-12-24	Italy	50590
1291	2021-12-25	Italy	54787
1292	2021-12-26	Italy	24882
1293	2021-12-27	Italy	30799
1294	2021-12-28	Italy	78300
1295	2021-12-29	Italy	98016
1296	2021-12-30	Italy	127000
1297	2021-12-31	Italy	144255
1298	2022-01-01	Italy	141256
1299	2022-01-02	Italy	61137
1300	2022-01-03	Italy	68034
1301	2022-01-04	Italy	170837
1302	2022-01-05	Italy	189088
1303	2022-01-06	Italy	219430
1304	2022-01-07	Italy	108297
1305	2022-01-08	Italy	197535
1306	2022-01-09	Italy	155642
1307	2022-01-10	Italy	117405
1308	2022-01-11	Italy	220519
1309	2022-01-12	Italy	196205
1310	2022-01-13	Italy	184577
1311	2022-01-14	Italy	200869
1312	2022-01-15	Italy	192936
1313	2022-01-16	Italy	157465
1314	2022-01-17	Italy	83387
1315	2022-01-18	Italy	228123
1316	2022-01-19	Italy	200966
1317	2022-01-20	Italy	198865
1318	2022-01-21	Italy	185600
1319	2022-01-22	Italy	177335
1320	2022-01-23	Italy	142487
1321	2022-01-24	Italy	77666
1322	2022-01-25	Italy	211277
1323	2022-01-26	Italy	170940
1324	2022-01-27	Italy	156040
1325	2022-01-28	Italy	144347
1326	2022-01-29	Italy	137427
1327	2022-01-30	Italy	104110
1328	2022-01-31	Italy	57631
1329	2022-02-01	Italy	133306
1330	2022-02-02	Italy	119323
1331	2022-02-03	Italy	112956
1332	2022-02-04	Italy	100900
1333	2022-02-05	Italy	93192
1334	2022-02-06	Italy	78943
1335	2022-02-07	Italy	41602
1336	2022-02-08	Italy	102429
1337	2022-02-09	Italy	81669
1338	2022-02-10	Italy	76195
1339	2022-02-11	Italy	67478
1340	2022-02-12	Italy	62221
1341	2022-02-13	Italy	52345
1342	2021-10-15	Japan	517
1343	2021-10-16	Japan	500
1344	2021-10-17	Japan	428
1345	2021-10-18	Japan	230
1346	2021-10-19	Japan	371
1347	2021-10-20	Japan	388
1348	2021-10-21	Japan	343
1349	2021-10-22	Japan	324
1350	2021-10-23	Japan	283
1351	2021-10-24	Japan	232
1352	2021-10-25	Japan	151
1353	2021-10-26	Japan	310
1354	2021-10-27	Japan	310
1355	2021-10-28	Japan	273
1356	2021-10-29	Japan	292
1357	2021-10-30	Japan	284
1358	2021-10-31	Japan	228
1359	2021-11-01	Japan	84
1360	2021-11-02	Japan	221
1361	2021-11-03	Japan	264
1362	2021-11-04	Japan	158
1363	2021-11-05	Japan	225
1364	2021-11-06	Japan	230
1365	2021-11-07	Japan	157
1366	2021-11-08	Japan	100
1367	2021-11-09	Japan	194
1368	2021-11-10	Japan	196
1369	2021-11-11	Japan	207
1370	2021-11-12	Japan	194
1371	2021-11-13	Japan	194
1372	2021-11-14	Japan	126
1373	2021-11-15	Japan	74
1374	2021-11-16	Japan	144
1375	2021-11-17	Japan	199
1376	2021-11-18	Japan	148
1377	2021-11-19	Japan	153
1378	2021-11-20	Japan	104
1379	2021-11-21	Japan	135
1380	2021-11-22	Japan	44
1381	2021-11-23	Japan	107
1382	2021-11-24	Japan	73
1383	2021-11-25	Japan	112
1384	2021-11-26	Japan	113
1385	2021-11-27	Japan	120
1386	2021-11-28	Japan	60
1387	2021-11-29	Japan	76
1388	2021-11-30	Japan	81
1389	2021-12-01	Japan	115
1390	2021-12-02	Japan	113
1391	2021-12-03	Japan	141
1392	2021-12-04	Japan	120
1393	2021-12-05	Japan	104
1394	2021-12-06	Japan	54
1395	2021-12-07	Japan	99
1396	2021-12-08	Japan	122
1397	2021-12-09	Japan	154
1398	2021-12-10	Japan	136
1399	2021-12-11	Japan	131
1400	2021-12-12	Japan	98
1401	2021-12-13	Japan	67
1402	2021-12-14	Japan	128
1403	2021-12-15	Japan	159
1404	2021-12-16	Japan	163
1405	2021-12-17	Japan	161
1406	2021-12-18	Japan	179
1407	2021-12-19	Japan	150
1408	2021-12-20	Japan	109
1409	2021-12-21	Japan	218
1410	2021-12-22	Japan	220
1411	2021-12-23	Japan	247
1412	2021-12-24	Japan	260
1413	2021-12-25	Japan	263
1414	2021-12-26	Japan	225
1415	2021-12-27	Japan	163
1416	2021-12-28	Japan	313
1417	2021-12-29	Japan	398
1418	2021-12-30	Japan	432
1419	2021-12-31	Japan	418
1420	2022-01-01	Japan	456
1421	2022-01-02	Japan	477
1422	2022-01-03	Japan	672
1423	2022-01-04	Japan	1149
1424	2022-01-05	Japan	2490
1425	2022-01-06	Japan	4297
1426	2022-01-07	Japan	6070
1427	2022-01-08	Japan	8302
1428	2022-01-09	Japan	8071
1429	2022-01-10	Japan	6265
1430	2022-01-11	Japan	6235
1431	2022-01-12	Japan	13044
1432	2022-01-13	Japan	18677
1433	2022-01-14	Japan	21880
1434	2022-01-15	Japan	25621
1435	2022-01-16	Japan	25479
1436	2022-01-17	Japan	20823
1437	2022-01-18	Japan	32087
1438	2022-01-19	Japan	41370
1439	2022-01-20	Japan	45997
1440	2022-01-21	Japan	49713
1441	2022-01-22	Japan	54411
1442	2022-01-23	Japan	49837
1443	2022-01-24	Japan	44663
1444	2022-01-25	Japan	62489
1445	2022-01-26	Japan	71487
1446	2022-01-27	Japan	78736
1447	2022-01-28	Japan	81710
1448	2022-01-29	Japan	84795
1449	2022-01-30	Japan	78003
1450	2022-01-31	Japan	60858
1451	2022-02-01	Japan	81593
1452	2022-02-02	Japan	94771
1453	2022-02-03	Japan	104345
1454	2022-02-04	Japan	98177
1455	2022-02-05	Japan	102275
1456	2022-02-06	Japan	89818
1457	2022-02-07	Japan	67939
1458	2022-02-08	Japan	101084
1459	2022-02-09	Japan	97799
1460	2022-02-10	Japan	99604
1461	2022-02-11	Japan	98299
1462	2022-02-12	Japan	68387
1463	2022-02-13	Japan	77380
1464	2021-10-15	Netherlands	3710
1465	2021-10-16	Netherlands	3707
1466	2021-10-17	Netherlands	3672
1467	2021-10-18	Netherlands	3358
1468	2021-10-19	Netherlands	3903
1469	2021-10-20	Netherlands	4585
1470	2021-10-21	Netherlands	5196
1471	2021-10-22	Netherlands	5872
1472	2021-10-23	Netherlands	5682
1473	2021-10-24	Netherlands	6290
1474	2021-10-25	Netherlands	5298
1475	2021-10-26	Netherlands	5751
1476	2021-10-27	Netherlands	7262
1477	2021-10-28	Netherlands	7685
1478	2021-10-29	Netherlands	7393
1479	2021-10-30	Netherlands	7944
1480	2021-10-31	Netherlands	8172
1481	2021-11-01	Netherlands	7698
1482	2021-11-02	Netherlands	7730
1483	2021-11-03	Netherlands	9109
1484	2021-11-04	Netherlands	10214
1485	2021-11-05	Netherlands	10919
1486	2021-11-06	Netherlands	11954
1487	2021-11-07	Netherlands	11350
1488	2021-11-08	Netherlands	11811
1489	2021-11-09	Netherlands	11282
1490	2021-11-10	Netherlands	12657
1491	2021-11-11	Netherlands	16287
1492	2021-11-12	Netherlands	16204
1493	2021-11-13	Netherlands	13854
1494	2021-11-14	Netherlands	12024
1495	2021-11-15	Netherlands	19207
1496	2021-11-16	Netherlands	20172
1497	2021-11-17	Netherlands	20762
1498	2021-11-18	Netherlands	23597
1499	2021-11-19	Netherlands	21030
1500	2021-11-20	Netherlands	21797
1501	2021-11-21	Netherlands	20643
1502	2021-11-22	Netherlands	23002
1503	2021-11-23	Netherlands	22960
1504	2021-11-24	Netherlands	23714
1505	2021-11-25	Netherlands	22187
1506	2021-11-26	Netherlands	21278
1507	2021-11-27	Netherlands	22033
1508	2021-11-28	Netherlands	22133
1509	2021-11-29	Netherlands	21452
1510	2021-11-30	Netherlands	22158
1511	2021-12-01	Netherlands	18520
1512	2021-12-02	Netherlands	23043
1513	2021-12-03	Netherlands	21530
1514	2021-12-04	Netherlands	22617
1515	2021-12-05	Netherlands	23078
1516	2021-12-06	Netherlands	20975
1517	2021-12-07	Netherlands	17916
1518	2021-12-08	Netherlands	18066
1519	2021-12-09	Netherlands	19770
1520	2021-12-10	Netherlands	17475
1521	2021-12-11	Netherlands	17712
1522	2021-12-12	Netherlands	16592
1523	2021-12-13	Netherlands	13783
1524	2021-12-14	Netherlands	12784
1525	2021-12-15	Netherlands	13475
1526	2021-12-16	Netherlands	16325
1527	2021-12-17	Netherlands	15367
1528	2021-12-18	Netherlands	14636
1529	2021-12-19	Netherlands	13259
1530	2021-12-20	Netherlands	12166
1531	2021-12-21	Netherlands	9313
1532	2021-12-22	Netherlands	13374
1533	2021-12-23	Netherlands	13345
1534	2021-12-24	Netherlands	12449
1535	2021-12-25	Netherlands	12564
1536	2021-12-26	Netherlands	11886
1537	2021-12-27	Netherlands	11496
1538	2021-12-28	Netherlands	9220
1539	2021-12-29	Netherlands	15708
1540	2021-12-30	Netherlands	14885
1541	2021-12-31	Netherlands	16849
1542	2022-01-01	Netherlands	15674
1543	2022-01-02	Netherlands	17478
1544	2022-01-03	Netherlands	14536
1545	2022-01-04	Netherlands	18913
1546	2022-01-05	Netherlands	24727
1547	2022-01-06	Netherlands	24575
1548	2022-01-07	Netherlands	35339
1549	2022-01-08	Netherlands	27890
1550	2022-01-09	Netherlands	32764
1551	2022-01-10	Netherlands	27891
1552	2022-01-11	Netherlands	29240
1553	2022-01-12	Netherlands	32534
1554	2022-01-13	Netherlands	34210
1555	2022-01-14	Netherlands	35452
1556	2022-01-15	Netherlands	32133
1557	2022-01-16	Netherlands	36231
1558	2022-01-17	Netherlands	42352
1559	2022-01-18	Netherlands	150
1560	2022-01-19	Netherlands	69663
1561	2022-01-20	Netherlands	40019
1562	2022-01-21	Netherlands	57561
1563	2022-01-22	Netherlands	46099
1564	2022-01-23	Netherlands	65372
1565	2022-01-24	Netherlands	64630
1566	2022-01-25	Netherlands	54244
1567	2022-01-26	Netherlands	58616
1568	2022-01-27	Netherlands	64624
1569	2022-01-28	Netherlands	74019
1570	2022-01-29	Netherlands	39500
1571	2022-01-30	Netherlands	75164
1572	2022-01-31	Netherlands	112250
1573	2022-02-01	Netherlands	105825
1574	2022-02-02	Netherlands	66984
1575	2022-02-03	Netherlands	82891
1576	2022-02-04	Netherlands	68929
1577	2022-02-05	Netherlands	40132
1578	2022-02-06	Netherlands	94884
1579	2022-02-07	Netherlands	77630
1580	2022-02-08	Netherlands	380420
1581	2022-02-09	Netherlands	86537
1582	2022-02-10	Netherlands	86799
1583	2022-02-11	Netherlands	80616
1584	2022-02-12	Netherlands	70359
1585	2022-02-13	Netherlands	60157
1586	2021-10-15	New Zealand	42
1587	2021-10-16	New Zealand	52
1588	2021-10-17	New Zealand	64
1589	2021-10-18	New Zealand	98
1590	2021-10-19	New Zealand	60
1591	2021-10-20	New Zealand	102
1592	2021-10-21	New Zealand	134
1593	2021-10-22	New Zealand	105
1594	2021-10-23	New Zealand	84
1595	2021-10-24	New Zealand	111
1596	2021-10-25	New Zealand	73
1597	2021-10-26	New Zealand	77
1598	2021-10-27	New Zealand	96
1599	2021-10-28	New Zealand	129
1600	2021-10-29	New Zealand	161
1601	2021-10-30	New Zealand	143
1602	2021-10-31	New Zealand	166
1603	2021-11-01	New Zealand	129
1604	2021-11-02	New Zealand	109
1605	2021-11-03	New Zealand	140
1606	2021-11-04	New Zealand	166
1607	2021-11-05	New Zealand	204
1608	2021-11-06	New Zealand	114
1609	2021-11-07	New Zealand	192
1610	2021-11-08	New Zealand	127
1611	2021-11-09	New Zealand	147
1612	2021-11-10	New Zealand	185
1613	2021-11-11	New Zealand	199
1614	2021-11-12	New Zealand	176
1615	2021-11-13	New Zealand	210
1616	2021-11-14	New Zealand	174
1617	2021-11-15	New Zealand	222
1618	2021-11-16	New Zealand	197
1619	2021-11-17	New Zealand	167
1620	2021-11-18	New Zealand	200
1621	2021-11-19	New Zealand	171
1622	2021-11-20	New Zealand	149
1623	2021-11-21	New Zealand	204
1624	2021-11-22	New Zealand	217
1625	2021-11-23	New Zealand	216
1626	2021-11-24	New Zealand	180
1627	2021-11-25	New Zealand	177
1628	2021-11-26	New Zealand	148
1629	2021-11-27	New Zealand	146
1630	2021-11-28	New Zealand	184
1631	2021-11-29	New Zealand	132
1632	2021-11-30	New Zealand	147
1633	2021-12-01	New Zealand	172
1634	2021-12-02	New Zealand	97
1635	2021-12-03	New Zealand	95
1636	2021-12-04	New Zealand	108
1637	2021-12-05	New Zealand	136
1638	2021-12-06	New Zealand	97
1639	2021-12-07	New Zealand	88
1640	2021-12-08	New Zealand	105
1641	2021-12-09	New Zealand	0
1642	2021-12-10	New Zealand	160
1643	2021-12-11	New Zealand	103
1644	2021-12-12	New Zealand	102
1645	2021-12-13	New Zealand	81
1646	2021-12-14	New Zealand	76
1647	2021-12-15	New Zealand	95
1648	2021-12-16	New Zealand	79
1649	2021-12-17	New Zealand	49
1650	2021-12-18	New Zealand	59
1651	2021-12-19	New Zealand	70
1652	2021-12-20	New Zealand	36
1653	2021-12-21	New Zealand	58
1654	2021-12-22	New Zealand	59
1655	2021-12-23	New Zealand	71
1656	2021-12-24	New Zealand	0
1657	2021-12-25	New Zealand	136
1658	2021-12-26	New Zealand	44
1659	2021-12-27	New Zealand	33
1660	2021-12-28	New Zealand	54
1661	2021-12-29	New Zealand	71
1662	2021-12-30	New Zealand	61
1663	2021-12-31	New Zealand	0
1664	2022-01-01	New Zealand	137
1665	2022-01-02	New Zealand	51
1666	2022-01-03	New Zealand	59
1667	2022-01-04	New Zealand	40
1668	2022-01-05	New Zealand	62
1669	2022-01-06	New Zealand	58
1670	2022-01-07	New Zealand	0
1671	2022-01-08	New Zealand	148
1672	2022-01-09	New Zealand	60
1673	2022-01-10	New Zealand	23
1674	2022-01-11	New Zealand	92
1675	2022-01-12	New Zealand	39
1676	2022-01-13	New Zealand	60
1677	2022-01-14	New Zealand	54
1678	2022-01-15	New Zealand	68
1679	2022-01-16	New Zealand	58
1680	2022-01-17	New Zealand	43
1681	2022-01-18	New Zealand	79
1682	2022-01-19	New Zealand	85
1683	2022-01-20	New Zealand	67
1684	2022-01-21	New Zealand	78
1685	2022-01-22	New Zealand	71
1686	2022-01-23	New Zealand	75
1687	2022-01-24	New Zealand	62
1688	2022-01-25	New Zealand	58
1689	2022-01-26	New Zealand	97
1690	2022-01-27	New Zealand	149
1691	2022-01-28	New Zealand	155
1692	2022-01-29	New Zealand	140
1693	2022-01-30	New Zealand	130
1694	2022-01-31	New Zealand	204
1695	2022-02-01	New Zealand	197
1696	2022-02-02	New Zealand	188
1697	2022-02-03	New Zealand	272
1698	2022-02-04	New Zealand	269
1699	2022-02-05	New Zealand	227
1700	2022-02-06	New Zealand	215
1701	2022-02-07	New Zealand	265
1702	2022-02-08	New Zealand	250
1703	2022-02-09	New Zealand	334
1704	2022-02-10	New Zealand	476
1705	2022-02-11	New Zealand	464
1706	2022-02-12	New Zealand	0
1707	2022-02-13	New Zealand	1796
1708	2021-10-15	Norway	423
1709	2021-10-16	Norway	334
1710	2021-10-17	Norway	209
1711	2021-10-18	Norway	545
1712	2021-10-19	Norway	608
1713	2021-10-20	Norway	657
1714	2021-10-21	Norway	748
1715	2021-10-22	Norway	641
1716	2021-10-23	Norway	543
1717	2021-10-24	Norway	424
1718	2021-10-25	Norway	893
1719	2021-10-26	Norway	1144
1720	2021-10-27	Norway	1180
1721	2021-10-28	Norway	996
1722	2021-10-29	Norway	1125
1723	2021-10-30	Norway	798
1724	2021-10-31	Norway	627
1725	2021-11-01	Norway	1335
1726	2021-11-02	Norway	1626
1727	2021-11-03	Norway	1514
1728	2021-11-04	Norway	1534
1729	2021-11-05	Norway	1506
1730	2021-11-06	Norway	1062
1731	2021-11-07	Norway	998
1732	2021-11-08	Norway	1532
1733	2021-11-09	Norway	2126
1734	2021-11-10	Norway	1783
1735	2021-11-11	Norway	2006
1736	2021-11-12	Norway	1762
1737	2021-11-13	Norway	1306
1738	2021-11-14	Norway	1156
1739	2021-11-15	Norway	783
1740	2021-11-16	Norway	3530
1741	2021-11-17	Norway	2475
1742	2021-11-18	Norway	2425
1743	2021-11-19	Norway	2364
1744	2021-11-20	Norway	1338
1745	2021-11-21	Norway	1470
1746	2021-11-22	Norway	2391
1747	2021-11-23	Norway	1520
1748	2021-11-24	Norway	4575
1749	2021-11-25	Norway	2970
1750	2021-11-26	Norway	2942
1751	2021-11-27	Norway	1891
1752	2021-11-28	Norway	1721
1753	2021-11-29	Norway	2877
1754	2021-11-30	Norway	4045
1755	2021-12-01	Norway	3780
1756	2021-12-02	Norway	4140
1757	2021-12-03	Norway	4191
1758	2021-12-04	Norway	2964
1759	2021-12-05	Norway	1530
1760	2021-12-06	Norway	2675
1761	2021-12-07	Norway	7631
1762	2021-12-08	Norway	5259
1763	2021-12-09	Norway	5355
1764	2021-12-10	Norway	5413
1765	2021-12-11	Norway	3477
1766	2021-12-12	Norway	3622
1767	2021-12-13	Norway	0
1768	2021-12-14	Norway	10867
1769	2021-12-15	Norway	5741
1770	2021-12-16	Norway	4520
1771	2021-12-17	Norway	4689
1772	2021-12-18	Norway	3705
1773	2021-12-19	Norway	3022
1774	2021-12-20	Norway	4041
1775	2021-12-21	Norway	4799
1776	2021-12-22	Norway	4290
1777	2021-12-23	Norway	4312
1778	2021-12-24	Norway	2268
1779	2021-12-25	Norway	1989
1780	2021-12-26	Norway	2214
1781	2021-12-27	Norway	3750
1782	2021-12-28	Norway	4702
1783	2021-12-29	Norway	4407
1784	2021-12-30	Norway	4018
1785	2021-12-31	Norway	3045
1786	2022-01-01	Norway	2156
1787	2022-01-02	Norway	2903
1788	2022-01-03	Norway	5233
1789	2022-01-04	Norway	7921
1790	2022-01-05	Norway	8385
1791	2022-01-06	Norway	7879
1792	2022-01-07	Norway	6160
1793	2022-01-08	Norway	5288
1794	2022-01-09	Norway	4184
1795	2022-01-10	Norway	6540
1796	2022-01-11	Norway	9622
1797	2022-01-12	Norway	11825
1798	2022-01-13	Norway	11597
1799	2022-01-14	Norway	12360
1800	2022-01-15	Norway	8477
1801	2022-01-16	Norway	7604
1802	2022-01-17	Norway	11031
1803	2022-01-18	Norway	15367
1804	2022-01-19	Norway	15987
1805	2022-01-20	Norway	16877
1806	2022-01-21	Norway	24958
1807	2022-01-22	Norway	13337
1808	2022-01-23	Norway	12646
1809	2022-01-24	Norway	18542
1810	2022-01-25	Norway	24429
1811	2022-01-26	Norway	24677
1812	2022-01-27	Norway	24288
1813	2022-01-28	Norway	21519
1814	2022-01-29	Norway	14970
1815	2022-01-30	Norway	14040
1816	2022-01-31	Norway	15988
1817	2022-02-01	Norway	23237
1818	2022-02-02	Norway	23299
1819	2022-02-03	Norway	21804
1820	2022-02-04	Norway	20856
1821	2022-02-05	Norway	13143
1822	2022-02-06	Norway	10172
1823	2022-02-07	Norway	17652
1824	2022-02-08	Norway	26109
1825	2022-02-09	Norway	25086
1826	2022-02-10	Norway	24448
1827	2022-02-11	Norway	23071
1828	2022-02-12	Norway	14453
1829	2022-02-13	Norway	11374
1830	2021-10-15	Poland	2770
1831	2021-10-16	Poland	3235
1832	2021-10-17	Poland	2521
1833	2021-10-18	Poland	1536
1834	2021-10-19	Poland	3930
1835	2021-10-20	Poland	5560
1836	2021-10-21	Poland	5591
1837	2021-10-22	Poland	5716
1838	2021-10-23	Poland	6277
1839	2021-10-24	Poland	4727
1840	2021-10-25	Poland	2953
1841	2021-10-26	Poland	6263
1842	2021-10-27	Poland	8366
1843	2021-10-28	Poland	8382
1844	2021-10-29	Poland	9403
1845	2021-10-30	Poland	9806
1846	2021-10-31	Poland	7147
1847	2021-11-01	Poland	4904
1848	2021-11-02	Poland	4517
1849	2021-11-03	Poland	10434
1850	2021-11-04	Poland	15511
1851	2021-11-05	Poland	15905
1852	2021-11-06	Poland	15195
1853	2021-11-07	Poland	12507
1854	2021-11-08	Poland	7314
1855	2021-11-09	Poland	13645
1856	2021-11-10	Poland	18546
1857	2021-11-11	Poland	19079
1858	2021-11-12	Poland	12965
1859	2021-11-13	Poland	14298
1860	2021-11-14	Poland	14448
1861	2021-11-15	Poland	9508
1862	2021-11-16	Poland	16611
1863	2021-11-17	Poland	24241
1864	2021-11-18	Poland	24912
1865	2021-11-19	Poland	23259
1866	2021-11-20	Poland	23418
1867	2021-11-21	Poland	18924
1868	2021-11-22	Poland	12375
1869	2021-11-23	Poland	19935
1870	2021-11-24	Poland	28431
1871	2021-11-25	Poland	28143
1872	2021-11-26	Poland	26794
1873	2021-11-27	Poland	26188
1874	2021-11-28	Poland	20574
1875	2021-11-29	Poland	13133
1876	2021-11-30	Poland	19100
1877	2021-12-01	Poland	29076
1878	2021-12-02	Poland	27354
1879	2021-12-03	Poland	26961
1880	2021-12-04	Poland	25575
1881	2021-12-05	Poland	22394
1882	2021-12-06	Poland	13250
1883	2021-12-07	Poland	19369
1884	2021-12-08	Poland	28549
1885	2021-12-09	Poland	27459
1886	2021-12-10	Poland	24988
1887	2021-12-11	Poland	23762
1888	2021-12-12	Poland	19450
1889	2021-12-13	Poland	11377
1890	2021-12-14	Poland	17460
1891	2021-12-15	Poland	24264
1892	2021-12-16	Poland	22096
1893	2021-12-17	Poland	20027
1894	2021-12-18	Poland	19392
1895	2021-12-19	Poland	15976
1896	2021-12-20	Poland	9610
1897	2021-12-21	Poland	13807
1898	2021-12-22	Poland	18013
1899	2021-12-23	Poland	17150
1900	2021-12-24	Poland	15376
1901	2021-12-25	Poland	10789
1902	2021-12-26	Poland	6253
1903	2021-12-27	Poland	5027
1904	2021-12-28	Poland	9850
1905	2021-12-29	Poland	15567
1906	2021-12-30	Poland	14326
1907	2021-12-31	Poland	13607
1908	2022-01-01	Poland	12033
1909	2022-01-02	Poland	7180
1910	2022-01-03	Poland	6423
1911	2022-01-04	Poland	11667
1912	2022-01-05	Poland	17197
1913	2022-01-06	Poland	16577
1914	2022-01-07	Poland	11901
1915	2022-01-08	Poland	10897
1916	2022-01-09	Poland	11107
1917	2022-01-10	Poland	7787
1918	2022-01-11	Poland	11402
1919	2022-01-12	Poland	16173
1920	2022-01-13	Poland	16874
1921	2022-01-14	Poland	16049
1922	2022-01-15	Poland	16893
1923	2022-01-16	Poland	14661
1924	2022-01-17	Poland	10446
1925	2022-01-18	Poland	19648
1926	2022-01-19	Poland	30588
1927	2022-01-20	Poland	32835
1928	2022-01-21	Poland	36664
1929	2022-01-22	Poland	40878
1930	2022-01-23	Poland	34123
1931	2022-01-24	Poland	29097
1932	2022-01-25	Poland	37045
1933	2022-01-26	Poland	53416
1934	2022-01-27	Poland	57659
1935	2022-01-28	Poland	57265
1936	2022-01-29	Poland	51690
1937	2022-01-30	Poland	48287
1938	2022-01-31	Poland	33477
1939	2022-02-01	Poland	39116
1940	2022-02-02	Poland	56051
1941	2022-02-03	Poland	54475
1942	2022-02-04	Poland	47536
1943	2022-02-05	Poland	45748
1944	2022-02-06	Poland	34700
1945	2022-02-07	Poland	21977
1946	2022-02-08	Poland	31349
1947	2022-02-09	Poland	41679
1948	2022-02-10	Poland	37601
1949	2022-02-11	Poland	32106
1950	2022-02-12	Poland	28155
1951	2022-02-13	Poland	20027
1952	2021-10-15	Singapore	3445
1953	2021-10-16	Singapore	3348
1954	2021-10-17	Singapore	3058
1955	2021-10-18	Singapore	2553
1956	2021-10-19	Singapore	3994
1957	2021-10-20	Singapore	3862
1958	2021-10-21	Singapore	3439
1959	2021-10-22	Singapore	3637
1960	2021-10-23	Singapore	3598
1961	2021-10-24	Singapore	3383
1962	2021-10-25	Singapore	3174
1963	2021-10-26	Singapore	3277
1964	2021-10-27	Singapore	5324
1965	2021-10-28	Singapore	3432
1966	2021-10-29	Singapore	4248
1967	2021-10-30	Singapore	3112
1968	2021-10-31	Singapore	3163
1969	2021-11-01	Singapore	2470
1970	2021-11-02	Singapore	3496
1971	2021-11-03	Singapore	3635
1972	2021-11-04	Singapore	3003
1973	2021-11-05	Singapore	1767
1974	2021-11-06	Singapore	3035
1975	2021-11-07	Singapore	2553
1976	2021-11-08	Singapore	2470
1977	2021-11-09	Singapore	3397
1978	2021-11-10	Singapore	3481
1979	2021-11-11	Singapore	2396
1980	2021-11-12	Singapore	3099
1981	2021-11-13	Singapore	2304
1982	2021-11-14	Singapore	1723
1983	2021-11-15	Singapore	2069
1984	2021-11-16	Singapore	2069
1985	2021-11-17	Singapore	3474
1986	2021-11-18	Singapore	0
1987	2021-11-19	Singapore	3772
1988	2021-11-20	Singapore	1931
1989	2021-11-21	Singapore	1670
1990	2021-11-22	Singapore	1461
1991	2021-11-23	Singapore	1782
1992	2021-11-24	Singapore	2079
1993	2021-11-25	Singapore	1275
1994	2021-11-26	Singapore	1090
1995	2021-11-27	Singapore	1761
1996	2021-11-28	Singapore	747
1997	2021-11-29	Singapore	1103
1998	2021-11-30	Singapore	1239
1999	2021-12-01	Singapore	1324
2000	2021-12-02	Singapore	1101
2001	2021-12-03	Singapore	766
2002	2021-12-04	Singapore	743
2003	2021-12-05	Singapore	552
2004	2021-12-06	Singapore	662
2005	2021-12-07	Singapore	715
2006	2021-12-08	Singapore	709
2007	2021-12-09	Singapore	682
2008	2021-12-10	Singapore	454
2009	2021-12-11	Singapore	559
2010	2021-12-12	Singapore	370
2011	2021-12-13	Singapore	339
2012	2021-12-14	Singapore	442
2013	2021-12-15	Singapore	474
2014	2021-12-16	Singapore	355
2015	2021-12-17	Singapore	412
2016	2021-12-18	Singapore	271
2017	2021-12-19	Singapore	255
2018	2021-12-20	Singapore	195
2019	2021-12-21	Singapore	280
2020	2021-12-22	Singapore	335
2021	2021-12-23	Singapore	322
2022	2021-12-24	Singapore	265
2023	2021-12-25	Singapore	248
2024	2021-12-26	Singapore	209
2025	2021-12-27	Singapore	280
2026	2021-12-28	Singapore	365
2027	2021-12-29	Singapore	341
2028	2021-12-30	Singapore	311
2029	2021-12-31	Singapore	344
2030	2022-01-01	Singapore	456
2031	2022-01-02	Singapore	429
2032	2022-01-03	Singapore	464
2033	2022-01-04	Singapore	842
2034	2022-01-05	Singapore	805
2035	2022-01-06	Singapore	813
2036	2022-01-07	Singapore	0
2037	2022-01-08	Singapore	1588
2038	2022-01-09	Singapore	845
2039	2022-01-10	Singapore	750
2040	2022-01-11	Singapore	846
2041	2022-01-12	Singapore	882
2042	2022-01-13	Singapore	960
2043	2022-01-14	Singapore	945
2044	2022-01-15	Singapore	956
2045	2022-01-16	Singapore	863
2046	2022-01-17	Singapore	1165
2047	2022-01-18	Singapore	1448
2048	2022-01-19	Singapore	1615
2049	2022-01-20	Singapore	1472
2050	2022-01-21	Singapore	10264
2051	2022-01-22	Singapore	2463
2052	2022-01-23	Singapore	3496
2053	2022-01-24	Singapore	3002
2054	2022-01-25	Singapore	5996
2055	2022-01-26	Singapore	4832
2056	2022-01-27	Singapore	5469
2057	2022-01-28	Singapore	5554
2058	2022-01-29	Singapore	5207
2059	2022-01-30	Singapore	4498
2060	2022-01-31	Singapore	4481
2061	2022-02-01	Singapore	6264
2062	2022-02-02	Singapore	3101
2063	2022-02-03	Singapore	4297
2064	2022-02-04	Singapore	13208
2065	2022-02-05	Singapore	0
2066	2022-02-06	Singapore	10390
2067	2022-02-07	Singapore	15558
2068	2022-02-08	Singapore	13011
2069	2022-02-09	Singapore	10314
2070	2022-02-10	Singapore	10686
2071	2022-02-11	Singapore	9930
2072	2022-02-12	Singapore	10505
2073	2022-02-13	Singapore	9420
2074	2021-10-15	South Africa	733
2075	2021-10-16	South Africa	619
2076	2021-10-17	South Africa	414
2077	2021-10-18	South Africa	210
2078	2021-10-19	South Africa	452
2079	2021-10-20	South Africa	591
2080	2021-10-21	South Africa	520
2081	2021-10-22	South Africa	517
2082	2021-10-23	South Africa	449
2083	2021-10-24	South Africa	300
2084	2021-10-25	South Africa	146
2085	2021-10-26	South Africa	331
2086	2021-10-27	South Africa	472
2087	2021-10-28	South Africa	533
2088	2021-10-29	South Africa	475
2089	2021-10-30	South Africa	297
2090	2021-10-31	South Africa	230
2091	2021-11-01	South Africa	106
2092	2021-11-02	South Africa	169
2093	2021-11-03	South Africa	344
2094	2021-11-04	South Africa	319
2095	2021-11-05	South Africa	339
2096	2021-11-06	South Africa	358
2097	2021-11-07	South Africa	205
2098	2021-11-08	South Africa	116
2099	2021-11-09	South Africa	245
2100	2021-11-10	South Africa	305
2101	2021-11-11	South Africa	356
2102	2021-11-12	South Africa	393
2103	2021-11-13	South Africa	306
2104	2021-11-14	South Africa	262
2105	2021-11-15	South Africa	136
2106	2021-11-16	South Africa	273
2107	2021-11-17	South Africa	566
2108	2021-11-18	South Africa	585
2109	2021-11-19	South Africa	789
2110	2021-11-20	South Africa	887
2111	2021-11-21	South Africa	687
2112	2021-11-22	South Africa	312
2113	2021-11-23	South Africa	0
2114	2021-11-24	South Africa	1275
2115	2021-11-25	South Africa	2465
2116	2021-11-26	South Africa	2828
2117	2021-11-27	South Africa	3220
2118	2021-11-28	South Africa	2858
2119	2021-11-29	South Africa	2273
2120	2021-11-30	South Africa	4373
2121	2021-12-01	South Africa	8561
2122	2021-12-02	South Africa	11535
2123	2021-12-03	South Africa	16055
2124	2021-12-04	South Africa	16366
2125	2021-12-05	South Africa	11125
2126	2021-12-06	South Africa	6381
2127	2021-12-07	South Africa	13147
2128	2021-12-08	South Africa	19842
2129	2021-12-09	South Africa	22388
2130	2021-12-10	South Africa	19017
2131	2021-12-11	South Africa	17153
2132	2021-12-12	South Africa	37875
2133	2021-12-13	South Africa	13288
2134	2021-12-14	South Africa	23857
2135	2021-12-15	South Africa	26389
2136	2021-12-16	South Africa	24785
2137	2021-12-17	South Africa	20713
2138	2021-12-18	South Africa	16080
2139	2021-12-19	South Africa	15465
2140	2021-12-20	South Africa	8511
2141	2021-12-21	South Africa	15423
2142	2021-12-22	South Africa	21098
2143	2021-12-23	South Africa	21156
2144	2021-12-24	South Africa	18847
2145	2021-12-25	South Africa	14828
2146	2021-12-26	South Africa	5603
2147	2021-12-27	South Africa	3778
2148	2021-12-28	South Africa	7216
2149	2021-12-29	South Africa	9020
2150	2021-12-30	South Africa	12978
2151	2021-12-31	South Africa	11754
2152	2022-01-01	South Africa	9793
2153	2022-01-02	South Africa	4357
2154	2022-01-03	South Africa	3076
2155	2022-01-04	South Africa	8078
2156	2022-01-05	South Africa	11106
2157	2022-01-06	South Africa	9858
2158	2022-01-07	South Africa	9259
2159	2022-01-08	South Africa	7759
2160	2022-01-09	South Africa	4482
2161	2022-01-10	South Africa	2409
2162	2022-01-11	South Africa	5668
2163	2022-01-12	South Africa	6760
2164	2022-01-13	South Africa	5917
2165	2022-01-14	South Africa	5235
2166	2022-01-15	South Africa	4590
2167	2022-01-16	South Africa	2659
2168	2022-01-17	South Africa	1629
2169	2022-01-18	South Africa	3657
2170	2022-01-19	South Africa	0
2171	2022-01-20	South Africa	8282
2172	2022-01-21	South Africa	3519
2173	2022-01-22	South Africa	3049
2174	2022-01-23	South Africa	1931
2175	2022-01-24	South Africa	1332
2176	2022-01-25	South Africa	3197
2177	2022-01-26	South Africa	4511
2178	2022-01-27	South Africa	4100
2179	2022-01-28	South Africa	3789
2180	2022-01-29	South Africa	3342
2181	2022-01-30	South Africa	2226
2182	2022-01-31	South Africa	1366
2183	2022-02-01	South Africa	3085
2184	2022-02-02	South Africa	4502
2185	2022-02-03	South Africa	3266
2186	2022-02-04	South Africa	0
2187	2022-02-05	South Africa	6135
2188	2022-02-06	South Africa	1752
2189	2022-02-07	South Africa	1228
2190	2022-02-08	South Africa	824
2191	2022-02-09	South Africa	5628
2192	2022-02-10	South Africa	3169
2193	2022-02-11	South Africa	2862
2194	2022-02-12	South Africa	2489
2195	2022-02-13	South Africa	1649
2196	2021-10-15	Sweden	669
2197	2021-10-16	Sweden	0
2198	2021-10-17	Sweden	0
2199	2021-10-18	Sweden	0
2200	2021-10-19	Sweden	1662
2201	2021-10-20	Sweden	807
2202	2021-10-21	Sweden	792
2203	2021-10-22	Sweden	802
2204	2021-10-23	Sweden	0
2205	2021-10-24	Sweden	0
2206	2021-10-25	Sweden	0
2207	2021-10-26	Sweden	2275
2208	2021-10-27	Sweden	1259
2209	2021-10-28	Sweden	892
2210	2021-10-29	Sweden	1090
2211	2021-10-30	Sweden	0
2212	2021-10-31	Sweden	0
2213	2021-11-01	Sweden	0
2214	2021-11-02	Sweden	2761
2215	2021-11-03	Sweden	1152
2216	2021-11-04	Sweden	844
2217	2021-11-05	Sweden	825
2218	2021-11-06	Sweden	0
2219	2021-11-07	Sweden	0
2220	2021-11-08	Sweden	0
2221	2021-11-09	Sweden	2098
2222	2021-11-10	Sweden	1326
2223	2021-11-11	Sweden	1014
2224	2021-11-12	Sweden	939
2225	2021-11-13	Sweden	0
2226	2021-11-14	Sweden	0
2227	2021-11-15	Sweden	0
2228	2021-11-16	Sweden	2622
2229	2021-11-17	Sweden	1294
2230	2021-11-18	Sweden	1220
2231	2021-11-19	Sweden	1128
2232	2021-11-20	Sweden	0
2233	2021-11-21	Sweden	0
2234	2021-11-22	Sweden	0
2235	2021-11-23	Sweden	3825
2236	2021-11-24	Sweden	2076
2237	2021-11-25	Sweden	2052
2238	2021-11-26	Sweden	2160
2239	2021-11-27	Sweden	0
2240	2021-11-28	Sweden	0
2241	2021-11-29	Sweden	0
2242	2021-11-30	Sweden	6011
2243	2021-12-01	Sweden	2639
2244	2021-12-02	Sweden	2437
2245	2021-12-03	Sweden	2210
2246	2021-12-04	Sweden	0
2247	2021-12-05	Sweden	0
2248	2021-12-06	Sweden	0
2249	2021-12-07	Sweden	7412
2250	2021-12-08	Sweden	3335
2251	2021-12-09	Sweden	3163
2252	2021-12-10	Sweden	3162
2253	2021-12-11	Sweden	0
2254	2021-12-12	Sweden	0
2255	2021-12-13	Sweden	0
2256	2021-12-14	Sweden	9472
2257	2021-12-15	Sweden	4044
2258	2021-12-16	Sweden	4022
2259	2021-12-17	Sweden	4130
2260	2021-12-18	Sweden	0
2261	2021-12-19	Sweden	0
2262	2021-12-20	Sweden	0
2263	2021-12-21	Sweden	12681
2264	2021-12-22	Sweden	4688
2265	2021-12-23	Sweden	5059
2266	2021-12-24	Sweden	0
2267	2021-12-25	Sweden	0
2268	2021-12-26	Sweden	0
2269	2021-12-27	Sweden	0
2270	2021-12-28	Sweden	21247
2271	2021-12-29	Sweden	9103
2272	2021-12-30	Sweden	11121
2273	2021-12-31	Sweden	0
2274	2022-01-01	Sweden	0
2275	2022-01-02	Sweden	0
2276	2022-01-03	Sweden	0
2277	2022-01-04	Sweden	42969
2278	2022-01-05	Sweden	17514
2279	2022-01-06	Sweden	0
2280	2022-01-07	Sweden	41383
2281	2022-01-08	Sweden	0
2282	2022-01-09	Sweden	0
2283	2022-01-10	Sweden	0
2284	2022-01-11	Sweden	70641
2285	2022-01-12	Sweden	21939
2286	2022-01-13	Sweden	25567
2287	2022-01-14	Sweden	25566
2288	2022-01-15	Sweden	0
2289	2022-01-16	Sweden	0
2290	2022-01-17	Sweden	0
2291	2022-01-18	Sweden	97248
2292	2022-01-19	Sweden	42725
2293	2022-01-20	Sweden	41374
2294	2022-01-21	Sweden	42295
2295	2022-01-22	Sweden	0
2296	2022-01-23	Sweden	0
2297	2022-01-24	Sweden	0
2298	2022-01-25	Sweden	138985
2299	2022-01-26	Sweden	50495
2300	2022-01-27	Sweden	41791
2301	2022-01-28	Sweden	55180
2302	2022-01-29	Sweden	0
2303	2022-01-30	Sweden	0
2304	2022-01-31	Sweden	0
2305	2022-02-01	Sweden	113454
2306	2022-02-02	Sweden	39205
2307	2022-02-03	Sweden	36541
2308	2022-02-04	Sweden	28129
2309	2022-02-05	Sweden	0
2310	2022-02-06	Sweden	0
2311	2022-02-07	Sweden	0
2312	2022-02-08	Sweden	66670
2313	2022-02-09	Sweden	18182
2314	2022-02-10	Sweden	16968
2315	2022-02-11	Sweden	7725
2316	2022-02-12	Sweden	0
2317	2022-02-13	Sweden	0
2318	2021-10-15	Switzerland	954
2319	2021-10-16	Switzerland	0
2320	2021-10-17	Switzerland	0
2321	2021-10-18	Switzerland	2366
2322	2021-10-19	Switzerland	1241
2323	2021-10-20	Switzerland	1448
2324	2021-10-21	Switzerland	1477
2325	2021-10-22	Switzerland	1288
2326	2021-10-23	Switzerland	0
2327	2021-10-24	Switzerland	0
2328	2021-10-25	Switzerland	3297
2329	2021-10-26	Switzerland	0
2330	2021-10-27	Switzerland	3336
2331	2021-10-28	Switzerland	1793
2332	2021-10-29	Switzerland	1721
2333	2021-10-30	Switzerland	0
2334	2021-10-31	Switzerland	0
2335	2021-11-01	Switzerland	4540
2336	2021-11-02	Switzerland	1953
2337	2021-11-03	Switzerland	2609
2338	2021-11-04	Switzerland	2937
2339	2021-11-05	Switzerland	2849
2340	2021-11-06	Switzerland	0
2341	2021-11-07	Switzerland	0
2342	2021-11-08	Switzerland	6647
2343	2021-11-09	Switzerland	2985
2344	2021-11-10	Switzerland	4150
2345	2021-11-11	Switzerland	3884
2346	2021-11-12	Switzerland	3926
2347	2021-11-13	Switzerland	0
2348	2021-11-14	Switzerland	0
2349	2021-11-15	Switzerland	9712
2350	2021-11-16	Switzerland	4297
2351	2021-11-17	Switzerland	5984
2352	2021-11-18	Switzerland	6016
2353	2021-11-19	Switzerland	6171
2354	2021-11-20	Switzerland	0
2355	2021-11-21	Switzerland	0
2356	2021-11-22	Switzerland	14592
2357	2021-11-23	Switzerland	6355
2358	2021-11-24	Switzerland	8588
2359	2021-11-25	Switzerland	8048
2360	2021-11-26	Switzerland	8033
2361	2021-11-27	Switzerland	0
2362	2021-11-28	Switzerland	0
2363	2021-11-29	Switzerland	19405
2364	2021-11-30	Switzerland	8423
2365	2021-12-01	Switzerland	10467
2366	2021-12-02	Switzerland	9546
2367	2021-12-03	Switzerland	9958
2368	2021-12-04	Switzerland	0
2369	2021-12-05	Switzerland	0
2370	2021-12-06	Switzerland	23895
2371	2021-12-07	Switzerland	9975
2372	2021-12-08	Switzerland	12425
2373	2021-12-09	Switzerland	10861
2374	2021-12-10	Switzerland	10134
2375	2021-12-11	Switzerland	0
2376	2021-12-12	Switzerland	0
2377	2021-12-13	Switzerland	23440
2378	2021-12-14	Switzerland	8171
2379	2021-12-15	Switzerland	11167
2380	2021-12-16	Switzerland	11077
2381	2021-12-17	Switzerland	9943
2382	2021-12-18	Switzerland	0
2383	2021-12-19	Switzerland	0
2384	2021-12-20	Switzerland	20487
2385	2021-12-21	Switzerland	8171
2386	2021-12-22	Switzerland	11565
2387	2021-12-23	Switzerland	11451
2388	2021-12-24	Switzerland	0
2389	2021-12-25	Switzerland	0
2390	2021-12-26	Switzerland	0
2391	2021-12-27	Switzerland	36193
2392	2021-12-28	Switzerland	13368
2393	2021-12-29	Switzerland	17636
2394	2021-12-30	Switzerland	19036
2395	2021-12-31	Switzerland	18987
2396	2022-01-01	Switzerland	0
2397	2022-01-02	Switzerland	0
2398	2022-01-03	Switzerland	38447
2399	2022-01-04	Switzerland	20752
2400	2022-01-05	Switzerland	31118
2401	2022-01-06	Switzerland	32242
2402	2022-01-07	Switzerland	28038
2403	2022-01-08	Switzerland	0
2404	2022-01-09	Switzerland	0
2405	2022-01-10	Switzerland	63665
2406	2022-01-11	Switzerland	24604
2407	2022-01-12	Switzerland	32890
2408	2022-01-13	Switzerland	29887
2409	2022-01-14	Switzerland	32183
2410	2022-01-15	Switzerland	0
2411	2022-01-16	Switzerland	0
2412	2022-01-17	Switzerland	67905
2413	2022-01-18	Switzerland	29151
2414	2022-01-19	Switzerland	38025
2415	2022-01-20	Switzerland	39795
2416	2022-01-21	Switzerland	38002
2417	2022-01-22	Switzerland	0
2418	2022-01-23	Switzerland	0
2419	2022-01-24	Switzerland	87281
2420	2022-01-25	Switzerland	36662
2421	2022-01-26	Switzerland	43203
2422	2022-01-27	Switzerland	44841
2423	2022-01-28	Switzerland	39771
2424	2022-01-29	Switzerland	0
2425	2022-01-30	Switzerland	0
2426	2022-01-31	Switzerland	89462
2427	2022-02-01	Switzerland	32749
2428	2022-02-02	Switzerland	41183
2429	2022-02-03	Switzerland	36742
2430	2022-02-04	Switzerland	33400
2431	2022-02-05	Switzerland	0
2432	2022-02-06	Switzerland	0
2433	2022-02-07	Switzerland	68652
2434	2022-02-08	Switzerland	26771
2435	2022-02-09	Switzerland	29136
2436	2022-02-10	Switzerland	26334
2437	2022-02-11	Switzerland	22228
2438	2022-02-12	Switzerland	0
2439	2022-02-13	Switzerland	0
2440	2021-10-15	United Kingdom	44251
2441	2021-10-16	United Kingdom	42818
2442	2021-10-17	United Kingdom	44696
2443	2021-10-18	United Kingdom	48855
2444	2021-10-19	United Kingdom	43411
2445	2021-10-20	United Kingdom	48599
2446	2021-10-21	United Kingdom	51548
2447	2021-10-22	United Kingdom	48791
2448	2021-10-23	United Kingdom	44985
2449	2021-10-24	United Kingdom	38740
2450	2021-10-25	United Kingdom	36283
2451	2021-10-26	United Kingdom	43503
2452	2021-10-27	United Kingdom	44000
2453	2021-10-28	United Kingdom	39091
2454	2021-10-29	United Kingdom	43161
2455	2021-10-30	United Kingdom	40726
2456	2021-10-31	United Kingdom	37667
2457	2021-11-01	United Kingdom	39935
2458	2021-11-02	United Kingdom	33615
2459	2021-11-03	United Kingdom	40803
2460	2021-11-04	United Kingdom	36738
2461	2021-11-05	United Kingdom	33810
2462	2021-11-06	United Kingdom	30150
2463	2021-11-07	United Kingdom	29843
2464	2021-11-08	United Kingdom	32266
2465	2021-11-09	United Kingdom	32785
2466	2021-11-10	United Kingdom	39547
2467	2021-11-11	United Kingdom	42590
2468	2021-11-12	United Kingdom	39040
2469	2021-11-13	United Kingdom	37669
2470	2021-11-14	United Kingdom	36128
2471	2021-11-15	United Kingdom	39796
2472	2021-11-16	United Kingdom	36956
2473	2021-11-17	United Kingdom	38073
2474	2021-11-18	United Kingdom	46991
2475	2021-11-19	United Kingdom	44411
2476	2021-11-20	United Kingdom	39881
2477	2021-11-21	United Kingdom	39458
2478	2021-11-22	United Kingdom	45021
2479	2021-11-23	United Kingdom	42832
2480	2021-11-24	United Kingdom	42621
2481	2021-11-25	United Kingdom	46955
2482	2021-11-26	United Kingdom	49554
2483	2021-11-27	United Kingdom	39567
2484	2021-11-28	United Kingdom	36507
2485	2021-11-29	United Kingdom	42702
2486	2021-11-30	United Kingdom	40011
2487	2021-12-01	United Kingdom	47454
2488	2021-12-02	United Kingdom	53322
2489	2021-12-03	United Kingdom	50810
2490	2021-12-04	United Kingdom	41457
2491	2021-12-05	United Kingdom	43285
2492	2021-12-06	United Kingdom	51432
2493	2021-12-07	United Kingdom	45333
2494	2021-12-08	United Kingdom	50811
2495	2021-12-09	United Kingdom	50282
2496	2021-12-10	United Kingdom	58352
2497	2021-12-11	United Kingdom	52279
2498	2021-12-12	United Kingdom	48071
2499	2021-12-13	United Kingdom	53953
2500	2021-12-14	United Kingdom	59746
2501	2021-12-15	United Kingdom	77966
2502	2021-12-16	United Kingdom	87801
2503	2021-12-17	United Kingdom	92713
2504	2021-12-18	United Kingdom	89074
2505	2021-12-19	United Kingdom	81959
2506	2021-12-20	United Kingdom	92371
2507	2021-12-21	United Kingdom	89298
2508	2021-12-22	United Kingdom	105626
2509	2021-12-23	United Kingdom	122760
2510	2021-12-24	United Kingdom	121810
2511	2021-12-25	United Kingdom	121861
2512	2021-12-26	United Kingdom	118945
2513	2021-12-27	United Kingdom	107699
2514	2021-12-28	United Kingdom	138025
2515	2021-12-29	United Kingdom	184475
2516	2021-12-30	United Kingdom	188925
2517	2021-12-31	United Kingdom	190544
2518	2022-01-01	United Kingdom	162572
2519	2022-01-02	United Kingdom	134943
2520	2022-01-03	United Kingdom	187414
2521	2022-01-04	United Kingdom	221222
2522	2022-01-05	United Kingdom	194615
2523	2022-01-06	United Kingdom	180610
2524	2022-01-07	United Kingdom	178868
2525	2022-01-08	United Kingdom	140566
2526	2022-01-09	United Kingdom	141398
2527	2022-01-10	United Kingdom	143867
2528	2022-01-11	United Kingdom	115816
2529	2022-01-12	United Kingdom	129980
2530	2022-01-13	United Kingdom	106085
2531	2022-01-14	United Kingdom	98949
2532	2022-01-15	United Kingdom	80725
2533	2022-01-16	United Kingdom	70160
2534	2022-01-17	United Kingdom	89079
2535	2022-01-18	United Kingdom	94282
2536	2022-01-19	United Kingdom	107819
2537	2022-01-20	United Kingdom	106872
2538	2022-01-21	United Kingdom	96056
2539	2022-01-22	United Kingdom	75429
2540	2022-01-23	United Kingdom	74800
2541	2022-01-24	United Kingdom	95317
2542	2022-01-25	United Kingdom	94507
2543	2022-01-26	United Kingdom	102076
2544	2022-01-27	United Kingdom	96597
2545	2022-01-28	United Kingdom	88910
2546	2022-01-29	United Kingdom	72143
2547	2022-01-30	United Kingdom	62399
2548	2022-01-31	United Kingdom	0
2549	2022-02-01	United Kingdom	112867
2550	2022-02-02	United Kingdom	87419
2551	2022-02-03	United Kingdom	93053
2552	2022-02-04	United Kingdom	82340
2553	2022-02-05	United Kingdom	60114
2554	2022-02-06	United Kingdom	53326
2555	2022-02-07	United Kingdom	64322
2556	2022-02-08	United Kingdom	66634
2557	2022-02-09	United Kingdom	67677
2558	2022-02-10	United Kingdom	162520
2559	2022-02-11	United Kingdom	58664
2560	2022-02-12	United Kingdom	45500
2561	2022-02-13	United Kingdom	40844
2562	2021-10-15	USA	109833
2563	2021-10-16	USA	39229
2564	2021-10-17	USA	31072
2565	2021-10-18	USA	100013
2566	2021-10-19	USA	81271
2567	2021-10-20	USA	91932
2568	2021-10-21	USA	77907
2569	2021-10-22	USA	96371
2570	2021-10-23	USA	31826
2571	2021-10-24	USA	18561
2572	2021-10-25	USA	111111
2573	2021-10-26	USA	69210
2574	2021-10-27	USA	102365
2575	2021-10-28	USA	75744
2576	2021-10-29	USA	95117
2577	2021-10-30	USA	33855
2578	2021-10-31	USA	32019
2579	2021-11-01	USA	111462
2580	2021-11-02	USA	70950
2581	2021-11-03	USA	85341
2582	2021-11-04	USA	81722
2583	2021-11-05	USA	96680
2584	2021-11-06	USA	34603
2585	2021-11-07	USA	36302
2586	2021-11-08	USA	109024
2587	2021-11-09	USA	79955
2588	2021-11-10	USA	95702
2589	2021-11-11	USA	56663
2590	2021-11-12	USA	144813
2591	2021-11-13	USA	43496
2592	2021-11-14	USA	31211
2593	2021-11-15	USA	134811
2594	2021-11-16	USA	87056
2595	2021-11-17	USA	112680
2596	2021-11-18	USA	110177
2597	2021-11-19	USA	126909
2598	2021-11-20	USA	44792
2599	2021-11-21	USA	39229
2600	2021-11-22	USA	145647
2601	2021-11-23	USA	91279
2602	2021-11-24	USA	111531
2603	2021-11-25	USA	39053
2604	2021-11-26	USA	52693
2605	2021-11-27	USA	25993
2606	2021-11-28	USA	42497
2607	2021-11-29	USA	187718
2608	2021-11-30	USA	117315
2609	2021-12-01	USA	136959
2610	2021-12-02	USA	139209
2611	2021-12-03	USA	158618
2612	2021-12-04	USA	65580
2613	2021-12-05	USA	54252
2614	2021-12-06	USA	179472
2615	2021-12-07	USA	113219
2616	2021-12-08	USA	149650
2617	2021-12-09	USA	122435
2618	2021-12-10	USA	160667
2619	2021-12-11	USA	55827
2620	2021-12-12	USA	51308
2621	2021-12-13	USA	187073
2622	2021-12-14	USA	114798
2623	2021-12-15	USA	143536
2624	2021-12-16	USA	141577
2625	2021-12-17	USA	192731
2626	2021-12-18	USA	77744
2627	2021-12-19	USA	87822
2628	2021-12-20	USA	242491
2629	2021-12-21	USA	178541
2630	2021-12-22	USA	240968
2631	2021-12-23	USA	269877
2632	2021-12-24	USA	233452
2633	2021-12-25	USA	72940
2634	2021-12-26	USA	195757
2635	2021-12-27	USA	508713
2636	2021-12-28	USA	356097
2637	2021-12-29	USA	498462
2638	2021-12-30	USA	588389
2639	2021-12-31	USA	489880
2640	2022-01-01	USA	166634
2641	2022-01-02	USA	304412
2642	2022-01-03	USA	1076439
2643	2022-01-04	USA	805716
2644	2022-01-05	USA	644769
2645	2022-01-06	USA	814656
2646	2022-01-07	USA	856505
2647	2022-01-08	USA	385993
2648	2022-01-09	USA	476501
2649	2022-01-10	USA	1368563
2650	2022-01-11	USA	769334
2651	2022-01-12	USA	909036
2652	2022-01-13	USA	840045
2653	2022-01-14	USA	859070
2654	2022-01-15	USA	394069
2655	2022-01-16	USA	468150
2656	2022-01-17	USA	661708
2657	2022-01-18	USA	1113068
2658	2022-01-19	USA	998442
2659	2022-01-20	USA	710733
2660	2022-01-21	USA	822670
2661	2022-01-22	USA	286559
2662	2022-01-23	USA	356261
2663	2022-01-24	USA	903001
2664	2022-01-25	USA	554931
2665	2022-01-26	USA	651657
2666	2022-01-27	USA	488202
2667	2022-01-28	USA	601307
2668	2022-01-29	USA	169435
2669	2022-01-30	USA	192911
2670	2022-01-31	USA	531093
2671	2022-02-01	USA	414411
2672	2022-02-02	USA	327025
2673	2022-02-03	USA	253191
2674	2022-02-04	USA	370969
2675	2022-02-05	USA	104486
2676	2022-02-06	USA	80511
2677	2022-02-07	USA	338779
2678	2022-02-08	USA	221362
2679	2022-02-09	USA	187299
2680	2022-02-10	USA	170862
2681	2022-02-11	USA	209265
2682	2022-02-12	USA	56903
2683	2022-02-13	USA	32531
