date	location	variant	median_ga	ga_upper_95	ga_lower_95	ga_upper_80	ga_lower_80	ga_upper_50	ga_lower_50
2022-06-20	Brazil	Omicron 21K	1.2869866	1.4904985	1.0972096	1.4089037	1.1597394	1.3479381	1.2167187
2022-06-21	Brazil	Omicron 21K	1.2861416	1.4925997	1.0982444	1.4074725	1.1602716	1.3469965	1.2160432
2022-06-22	Brazil	Omicron 21K	1.2868357	1.4940565	1.0989461	1.4093808	1.1590829	1.347501	1.2159679
2022-06-23	Brazil	Omicron 21K	1.2875624	1.4949453	1.0995111	1.410881	1.1617597	1.3470008	1.2157922
2022-06-24	Brazil	Omicron 21K	1.2873204	1.4951631	1.0999615	1.411567	1.1628746	1.3480451	1.2172273
2022-06-25	Brazil	Omicron 21K	1.2866523	1.4951806	1.1002553	1.4116758	1.1629452	1.3489149	1.216707
2022-06-26	Brazil	Omicron 21K	1.2873946	1.4968274	1.0990922	1.4120587	1.1604675	1.3481896	1.2171568
2022-06-27	Brazil	Omicron 21K	1.2882087	1.4982691	1.0966808	1.4121788	1.1589444	1.3475034	1.2177522
2022-06-28	Brazil	Omicron 21K	1.2876282	1.4995077	1.0966802	1.4123964	1.1587955	1.3481191	1.2174596
2022-06-29	Brazil	Omicron 21K	1.286906	1.5005455	1.0969638	1.4122869	1.1591113	1.3490741	1.2174244
2022-06-30	Brazil	Omicron 21K	1.2877809	1.5013845	1.0971814	1.411433	1.1597838	1.3482882	1.2170525
2022-07-01	Brazil	Omicron 21K	1.2876294	1.5020273	1.0972404	1.4110644	1.1601565	1.348463	1.2163157
2022-07-02	Brazil	Omicron 21K	1.2876956	1.5024765	1.0965258	1.4081333	1.1600188	1.34868	1.2168424
2022-07-03	Brazil	Omicron 21K	1.2878538	1.5027428	1.095897	1.4081109	1.1604114	1.3487259	1.2158113
2022-07-04	Brazil	Omicron 21K	1.2879851	1.5028461	1.095299	1.4080337	1.1600382	1.3484933	1.2171853
2022-07-05	Brazil	Omicron 21K	1.2878284	1.5028064	1.0948207	1.4079244	1.1595505	1.3479497	1.216995
2022-07-06	Brazil	Omicron 21K	1.2885592	1.5026443	1.0944622	1.4078612	1.1590991	1.3478079	1.2166638
2022-07-07	Brazil	Omicron 21K	1.288985	1.5023799	1.0942235	1.4073285	1.1587203	1.3483773	1.2179704
2022-07-08	Brazil	Omicron 21K	1.2892256	1.502034	1.0941044	1.4076761	1.1586527	1.3487978	1.2185638
2022-07-09	Brazil	Omicron 21K	1.2895906	1.501627	1.0941056	1.4078517	1.1582069	1.3487827	1.2196696
2022-07-10	Brazil	Omicron 21K	1.2898334	1.5011792	1.0942271	1.407572	1.1583848	1.3486078	1.2195659
2022-07-11	Brazil	Omicron 21K	1.2907407	1.5007112	1.0944304	1.4075656	1.158353	1.348475	1.2199619
2022-07-12	Brazil	Omicron 21K	1.2910445	1.5002432	1.0944989	1.4075242	1.1580399	1.3481628	1.2200612
2022-07-13	Brazil	Omicron 21K	1.2915324	1.4997954	1.0947046	1.4074745	1.1579554	1.3481492	1.2205877
2022-07-14	Brazil	Omicron 21K	1.2913282	1.4993858	1.0950478	1.4074285	1.1581718	1.3480958	1.2208656
2022-07-15	Brazil	Omicron 21K	1.2915815	1.4998796	1.0955081	1.4073339	1.1595867	1.3480394	1.2206812
2022-07-16	Brazil	Omicron 21K	1.2920425	1.5002406	1.0960577	1.4071146	1.1612208	1.3485758	1.2208114
2022-07-17	Brazil	Omicron 21K	1.2918898	1.5004308	1.096668	1.4072387	1.1617777	1.348184	1.2207816
2022-07-18	Brazil	Omicron 21K	1.2921464	1.5004659	1.0973115	1.4066577	1.1629636	1.3475744	1.2210164
2022-07-19	Brazil	Omicron 21K	1.2920096	1.5003617	1.0972936	1.4054626	1.1634549	1.3468062	1.2200198
2022-07-20	Brazil	Omicron 21K	1.2921526	1.500134	1.0960928	1.4064612	1.1632092	1.3465173	1.2203306
2022-07-21	Brazil	Omicron 21K	1.2928301	1.4997987	1.0949396	1.4068294	1.1638116	1.3459468	1.2213585
2022-07-22	Brazil	Omicron 21K	1.2931218	1.4993715	1.0938574	1.4064577	1.1638207	1.34551	1.2220473
2022-07-23	Brazil	Omicron 21K	1.2933166	1.4988687	1.0928698	1.4060731	1.1631261	1.3448689	1.2215915
2022-07-24	Brazil	Omicron 21K	1.2932421	1.4983063	1.0919998	1.4061444	1.1623647	1.344334	1.2209575
2022-07-25	Brazil	Omicron 21K	1.293429	1.4978628	1.0912707	1.4063432	1.1618711	1.3442397	1.220628
2022-07-26	Brazil	Omicron 21K	1.2935703	1.4980052	1.0906907	1.4065601	1.1616272	1.3443141	1.2210715
2022-07-27	Brazil	Omicron 21K	1.2941011	1.4981806	1.090246	1.4069492	1.161687	1.3455509	1.2217469
2022-07-28	Brazil	Omicron 21K	1.2936157	1.4983764	1.0899209	1.4072728	1.1620113	1.3469012	1.2242736
2022-07-29	Brazil	Omicron 21K	1.2933896	1.49858	1.0896994	1.4075973	1.1612821	1.3474507	1.223635
2022-07-30	Brazil	Omicron 21K	1.2938671	1.498779	1.0895662	1.4080074	1.1620722	1.3474083	1.222563
2022-07-31	Brazil	Omicron 21K	1.293236	1.4989612	1.0895059	1.4084651	1.1617534	1.3473761	1.2232891
2022-08-01	Brazil	Omicron 21K	1.2934916	1.4991138	1.0895028	1.4088658	1.161816	1.3464199	1.2232013
2022-08-02	Brazil	Omicron 21K	1.2931333	1.4992245	1.0895417	1.4088327	1.1622103	1.3450849	1.2236202
2022-08-03	Brazil	Omicron 21K	1.2929049	1.4992687	1.0896071	1.4092324	1.1624684	1.3453819	1.2230443
2022-08-04	Brazil	Omicron 21K	1.2927339	1.4991057	1.0896835	1.4096473	1.1626862	1.3463476	1.2224798
2022-08-05	Brazil	Omicron 21K	1.2923415	1.4988747	1.0897558	1.4100727	1.1629696	1.3470488	1.2213914
2022-08-06	Brazil	Omicron 21K	1.2921956	1.4985673	1.0898101	1.4104328	1.1632407	1.346623	1.2212455
2022-08-07	Brazil	Omicron 21K	1.2922897	1.4984052	1.0898476	1.4109665	1.1632272	1.3471149	1.2207016
2022-08-08	Brazil	Omicron 21K	1.2921767	1.4988258	1.0898764	1.4126579	1.1633612	1.3470604	1.2197504
2022-08-09	Brazil	Omicron 21K	1.2921386	1.4992174	1.0899045	1.4128435	1.1634363	1.3470039	1.2199202
2022-08-10	Brazil	Omicron 21K	1.2923744	1.4995756	1.0899398	1.4122005	1.1629266	1.3469425	1.221045
2022-08-11	Brazil	Omicron 21K	1.2925898	1.4998964	1.0899297	1.4124175	1.1626495	1.346981	1.2205753
2022-08-12	Brazil	Omicron 21K	1.2929192	1.5001755	1.0899098	1.4125583	1.1621159	1.3472246	1.2211154
2022-08-13	Brazil	Omicron 21K	1.2930317	1.5004088	1.0899153	1.4119748	1.1624396	1.3473358	1.2218266
2022-08-14	Brazil	Omicron 21K	1.2933005	1.500592	1.0899546	1.4116805	1.1628561	1.3481365	1.2214875
2022-08-15	Brazil	Omicron 21K	1.2934405	1.5007209	1.0900354	1.4117122	1.163267	1.3484441	1.2213515
2022-08-16	Brazil	Omicron 21K	1.2930467	1.5007913	1.090743	1.4105017	1.1637236	1.3481767	1.2213862
2022-08-17	Brazil	Omicron 21K	1.2927076	1.5007992	1.0911968	1.4095117	1.1639676	1.3496501	1.221108
2022-08-18	Brazil	Omicron 21K	1.292675	1.5007441	1.0915594	1.4092579	1.1642059	1.3506894	1.2209661
2022-08-19	Brazil	Omicron 21K	1.2923908	1.5006326	1.091839	1.4093597	1.1641527	1.3516793	1.220818
2022-08-20	Brazil	Omicron 21K	1.2918696	1.500473	1.0920455	1.4093819	1.1637301	1.3521649	1.2205671
2022-08-21	Brazil	Omicron 21K	1.2912896	1.5002728	1.0921893	1.4093531	1.1632719	1.3512968	1.2207239
2022-08-22	Brazil	Omicron 21K	1.2912349	1.5000398	1.0922804	1.4094346	1.1627905	1.3512095	1.2211809
2022-08-23	Brazil	Omicron 21K	1.2921973	1.4997821	1.0918543	1.4110712	1.1624339	1.350347	1.2210596
2022-08-24	Brazil	Omicron 21K	1.2924128	1.4995077	1.0909319	1.4105489	1.161858	1.3500491	1.2206379
2022-08-25	Brazil	Omicron 21K	1.2916055	1.499224	1.0899935	1.4097313	1.1611352	1.3503724	1.220159
2022-08-26	Brazil	Omicron 21K	1.2913733	1.4980857	1.0889926	1.4097316	1.16091	1.3511086	1.2195501
2022-08-27	Brazil	Omicron 21K	1.2914307	1.4964603	1.0880547	1.4097247	1.1605741	1.3514054	1.2205539
2022-08-28	Brazil	Omicron 21K	1.2915334	1.4960064	1.0902524	1.4097117	1.1602564	1.3514745	1.2207408
2022-08-29	Brazil	Omicron 21K	1.2906916	1.4959433	1.090607	1.409694	1.1600527	1.3513937	1.220711
2022-08-30	Brazil	Omicron 21K	1.2904435	1.4941821	1.0886418	1.4101677	1.1600225	1.3512585	1.2206854
2022-08-31	Brazil	Omicron 21K	1.2906435	1.4924424	1.0878475	1.4098685	1.1595137	1.3508929	1.2208521
2022-09-01	Brazil	Omicron 21K	1.2909569	1.4907401	1.0877948	1.4103386	1.1579555	1.3509171	1.2213484
2022-09-02	Brazil	Omicron 21K	1.2898648	1.4890907	1.0876484	1.4106053	1.157935	1.3508297	1.2220742
2022-09-03	Brazil	Omicron 21K	1.2898252	1.4890523	1.0890956	1.4107047	1.1576954	1.3509963	1.2213678
2022-09-04	Brazil	Omicron 21K	1.2903477	1.4908333	1.0910592	1.4106405	1.1577016	1.3520963	1.2215235
2022-09-05	Brazil	Omicron 21K	1.2908362	1.4935303	1.0919187	1.4111826	1.1568122	1.3529588	1.2218509
2022-09-06	Brazil	Omicron 21K	1.29128	1.4961839	1.0923042	1.4118371	1.1566724	1.3533812	1.2218511
2022-09-07	Brazil	Omicron 21K	1.2915014	1.4963031	1.0926758	1.4135867	1.1566665	1.3523583	1.222073
2022-09-08	Brazil	Omicron 21K	1.2910814	1.496037	1.0928668	1.4134018	1.1566613	1.3528517	1.2220017
2022-09-09	Brazil	Omicron 21K	1.2906523	1.4961052	1.0929478	1.4126383	1.157778	1.3538654	1.2216802
2022-09-10	Brazil	Omicron 21K	1.2896982	1.4979889	1.0930299	1.4122941	1.1580304	1.35406	1.2201087
2022-09-11	Brazil	Omicron 21K	1.2898653	1.500244	1.093113	1.4118702	1.1563457	1.3532343	1.2200096
2022-09-12	Brazil	Omicron 21K	1.2899399	1.5026963	1.0931969	1.4113784	1.1562093	1.3522365	1.2201533
2022-09-13	Brazil	Omicron 21K	1.2901661	1.5052186	1.0930066	1.411733	1.1562912	1.351507	1.2185702
2022-09-14	Brazil	Omicron 21K	1.2901436	1.5062511	1.0925174	1.4120911	1.1586072	1.3512945	1.2178366
2022-09-15	Brazil	Omicron 21K	1.2901249	1.506542	1.0920799	1.412251	1.1589987	1.3510882	1.2170576
2022-09-16	Brazil	Omicron 21K	1.2902861	1.5068445	1.0917037	1.4122849	1.1588833	1.3511784	1.2170873
2022-09-17	Brazil	Omicron 21K	1.2901365	1.5071578	1.0913981	1.4121624	1.1586866	1.3521413	1.2165027
2022-09-18	Brazil	Omicron 21K	1.2900048	1.5069602	1.0911722	1.4116784	1.1584463	1.3515711	1.216667
2022-09-19	Brazil	Omicron 21K	1.2896479	1.5065567	1.0910356	1.4115063	1.1579607	1.352046	1.2170244
2022-09-20	Brazil	Omicron 21K	1.2892013	1.506109	1.0909973	1.410817	1.157695	1.3529251	1.2169433
2022-09-21	Brazil	Omicron 21K	1.2896724	1.5056114	1.0910668	1.4102863	1.1572194	1.3531635	1.2168726
2022-09-22	Brazil	Omicron 21K	1.2900578	1.5050733	1.0897874	1.4096823	1.1567315	1.353152	1.2164748
2022-09-23	Brazil	Omicron 21K	1.2905103	1.5046239	1.0878459	1.4091299	1.1561707	1.3535814	1.2170398
2022-09-24	Brazil	Omicron 21K	1.2899356	1.5042031	1.0864468	1.409444	1.1555322	1.3528464	1.2157457
2022-09-25	Brazil	Omicron 21K	1.2896135	1.5038092	1.0871041	1.4094956	1.1548114	1.3528578	1.2162167
2022-09-26	Brazil	Omicron 21K	1.2895442	1.5034611	1.0876653	1.4102192	1.1518418	1.3534319	1.2164404
2022-09-27	Brazil	Omicron 21K	1.2898182	1.5031779	1.0880988	1.410636	1.151543	1.3543334	1.216124
2022-09-28	Brazil	Omicron 21K	1.2907678	1.5017073	1.0883572	1.4120791	1.1524178	1.3538382	1.2152731
2022-09-29	Brazil	Omicron 21K	1.2907993	1.4961683	1.0871025	1.4115989	1.1511512	1.3532275	1.2171481
2022-09-30	Brazil	Omicron 21K	1.2906883	1.4963713	1.0857491	1.4112542	1.1497779	1.355116	1.2175686
2022-10-01	Brazil	Omicron 21K	1.2901473	1.4990191	1.0846138	1.4135636	1.1494998	1.3549261	1.2183602
2022-06-20	Brazil	Omicron 22A	1.2569747	1.3043697	1.212049	1.2860854	1.2273947	1.2742525	1.2415286
2022-06-21	Brazil	Omicron 22A	1.2568492	1.3033601	1.2117867	1.2852274	1.2273867	1.2741394	1.2417718
2022-06-22	Brazil	Omicron 22A	1.2568932	1.3026131	1.2113696	1.2857152	1.2275277	1.2739375	1.2426206
2022-06-23	Brazil	Omicron 22A	1.2571054	1.3027298	1.2109814	1.2860745	1.2273943	1.273988	1.2425416
2022-06-24	Brazil	Omicron 22A	1.2570899	1.3021388	1.2104912	1.2865405	1.2271901	1.2735095	1.2425787
2022-06-25	Brazil	Omicron 22A	1.256984	1.3015556	1.2102435	1.286454	1.227088	1.2734911	1.2425487
2022-06-26	Brazil	Omicron 22A	1.2568834	1.3011408	1.2101979	1.2862442	1.2271436	1.2730786	1.2427661
2022-06-27	Brazil	Omicron 22A	1.2567344	1.3007748	1.2097583	1.2860452	1.226884	1.2727153	1.2427092
2022-06-28	Brazil	Omicron 22A	1.2568694	1.300164	1.2093465	1.2860978	1.2272749	1.2727818	1.2429357
2022-06-29	Brazil	Omicron 22A	1.2567406	1.2994726	1.2089674	1.2858558	1.2274369	1.2727414	1.2426581
2022-06-30	Brazil	Omicron 22A	1.256933	1.2993786	1.2086257	1.285642	1.2274518	1.2725599	1.2427568
2022-07-01	Brazil	Omicron 22A	1.2564244	1.2993553	1.2083261	1.2858752	1.2277468	1.2721996	1.2428439
2022-07-02	Brazil	Omicron 22A	1.2558974	1.2993335	1.2084446	1.2858887	1.2277691	1.2722191	1.2426877
2022-07-03	Brazil	Omicron 22A	1.256126	1.2987347	1.2087206	1.285928	1.2272184	1.2722499	1.2423677
2022-07-04	Brazil	Omicron 22A	1.2559125	1.2982507	1.2089429	1.2862285	1.2269437	1.2723647	1.2419832
2022-07-05	Brazil	Omicron 22A	1.2560227	1.2980909	1.2091168	1.286117	1.2268621	1.2724249	1.2418619
2022-07-06	Brazil	Omicron 22A	1.2560099	1.2981045	1.2091918	1.285338	1.2267642	1.2721331	1.241813
2022-07-07	Brazil	Omicron 22A	1.2559432	1.298188	1.209169	1.2858064	1.2266414	1.272057	1.2417661
2022-07-08	Brazil	Omicron 22A	1.2561458	1.2983522	1.209386	1.2856334	1.2265046	1.2720819	1.2415541
2022-07-09	Brazil	Omicron 22A	1.2558126	1.2984767	1.2094516	1.2853463	1.2266961	1.271946	1.2412636
2022-07-10	Brazil	Omicron 22A	1.2556714	1.2989064	1.2095029	1.2852979	1.2267482	1.2720295	1.2411706
2022-07-11	Brazil	Omicron 22A	1.2556928	1.2989397	1.2094519	1.284922	1.2268493	1.272028	1.2410623
2022-07-12	Brazil	Omicron 22A	1.2556247	1.2992	1.2094522	1.2851282	1.2267051	1.2723348	1.2412643
2022-07-13	Brazil	Omicron 22A	1.255693	1.29948	1.2094257	1.2856385	1.2266783	1.2723466	1.2413733
2022-07-14	Brazil	Omicron 22A	1.2557485	1.299895	1.2093831	1.2856723	1.2270001	1.2723701	1.2415886
2022-07-15	Brazil	Omicron 22A	1.2556792	1.3010905	1.209199	1.2856681	1.2273765	1.2724488	1.2411466
2022-07-16	Brazil	Omicron 22A	1.2556279	1.3013154	1.2090566	1.2855262	1.2278548	1.272553	1.2411177
2022-07-17	Brazil	Omicron 22A	1.2557281	1.3017776	1.2089579	1.285674	1.2283622	1.272573	1.2412804
2022-07-18	Brazil	Omicron 22A	1.255661	1.3021878	1.2089036	1.2851334	1.2283723	1.2726855	1.2414601
2022-07-19	Brazil	Omicron 22A	1.2556908	1.3021889	1.2090007	1.2855262	1.227832	1.2727904	1.2415144
2022-07-20	Brazil	Omicron 22A	1.2557387	1.3024035	1.2091789	1.2854052	1.2278283	1.2730496	1.2415981
2022-07-21	Brazil	Omicron 22A	1.2558707	1.3026278	1.2094053	1.2853842	1.2279575	1.2731993	1.2417026
2022-07-22	Brazil	Omicron 22A	1.256211	1.3030894	1.2095783	1.2854899	1.2278129	1.2731342	1.2417897
2022-07-23	Brazil	Omicron 22A	1.2562815	1.3031664	1.2097297	1.2856984	1.2282228	1.2731313	1.2418127
2022-07-24	Brazil	Omicron 22A	1.2564245	1.3031943	1.2098982	1.2859298	1.2286718	1.273341	1.2417277
2022-07-25	Brazil	Omicron 22A	1.256619	1.3034663	1.2100394	1.2868562	1.2285627	1.2735381	1.2415223
2022-07-26	Brazil	Omicron 22A	1.2568535	1.3035362	1.2101111	1.2871699	1.228726	1.273616	1.2414554
2022-07-27	Brazil	Omicron 22A	1.2571728	1.303468	1.2104402	1.2872946	1.2288866	1.2735437	1.2414907
2022-07-28	Brazil	Omicron 22A	1.2574384	1.3033736	1.21101	1.2875996	1.2285898	1.2736963	1.2416064
2022-07-29	Brazil	Omicron 22A	1.2575624	1.3032833	1.2114433	1.2877269	1.2285402	1.2736404	1.2416903
2022-07-30	Brazil	Omicron 22A	1.2575872	1.3033806	1.2112868	1.2879369	1.2283952	1.2736216	1.2420328
2022-07-31	Brazil	Omicron 22A	1.2575898	1.3034909	1.2111596	1.28806	1.2286545	1.2740216	1.2420509
2022-08-01	Brazil	Omicron 22A	1.2576399	1.3036107	1.2112927	1.2879146	1.2287824	1.273911	1.2421528
2022-08-02	Brazil	Omicron 22A	1.2582142	1.3037369	1.2111399	1.28799	1.2286488	1.274205	1.2420831
2022-08-03	Brazil	Omicron 22A	1.2583456	1.303866	1.2109666	1.288482	1.2284515	1.2744464	1.2424723
2022-08-04	Brazil	Omicron 22A	1.258411	1.3049486	1.2108277	1.2886579	1.2282108	1.2747067	1.2424272
2022-08-05	Brazil	Omicron 22A	1.2583888	1.3059895	1.2107112	1.2889924	1.2279739	1.274884	1.2425404
2022-08-06	Brazil	Omicron 22A	1.2584404	1.3066888	1.2107279	1.28891	1.2281834	1.2748884	1.242756
2022-08-07	Brazil	Omicron 22A	1.2584112	1.307313	1.2109073	1.289097	1.228179	1.275122	1.2424726
2022-08-08	Brazil	Omicron 22A	1.2585416	1.3075516	1.2109475	1.2892641	1.2284315	1.2749543	1.2425148
2022-08-09	Brazil	Omicron 22A	1.2585535	1.307908	1.2110134	1.2896717	1.2281927	1.2749835	1.2425886
2022-08-10	Brazil	Omicron 22A	1.2586697	1.3082186	1.2111034	1.2897977	1.2281792	1.2755088	1.242533
2022-08-11	Brazil	Omicron 22A	1.2586912	1.3084972	1.2112137	1.2902032	1.2287283	1.275589	1.2418414
2022-08-12	Brazil	Omicron 22A	1.2587142	1.3091161	1.2110524	1.2902025	1.2287682	1.2757281	1.2417289
2022-08-13	Brazil	Omicron 22A	1.2587422	1.3095734	1.2111499	1.290589	1.2288094	1.275734	1.2419585
2022-08-14	Brazil	Omicron 22A	1.2585986	1.3098885	1.211194	1.2906779	1.229022	1.2758951	1.2425936
2022-08-15	Brazil	Omicron 22A	1.2586086	1.311149	1.2113242	1.2907158	1.2291265	1.2758958	1.2428913
2022-08-16	Brazil	Omicron 22A	1.2592149	1.3112493	1.2107463	1.2907709	1.2290798	1.2760366	1.2427216
2022-08-17	Brazil	Omicron 22A	1.2593197	1.3110027	1.2099438	1.2912245	1.228732	1.2760811	1.2428176
2022-08-18	Brazil	Omicron 22A	1.2592835	1.3105967	1.2098784	1.2918707	1.2287307	1.2761375	1.2429338
2022-08-19	Brazil	Omicron 22A	1.2592266	1.310394	1.2104838	1.2924771	1.2286521	1.2763407	1.2429599
2022-08-20	Brazil	Omicron 22A	1.2591307	1.310252	1.2111499	1.2924008	1.22845	1.2765019	1.2428042
2022-08-21	Brazil	Omicron 22A	1.2589622	1.3102695	1.2114047	1.293011	1.2281554	1.2768056	1.2429929
2022-08-22	Brazil	Omicron 22A	1.259001	1.3104091	1.2114623	1.293404	1.2277575	1.2769321	1.2429588
2022-08-23	Brazil	Omicron 22A	1.2587408	1.3101673	1.2115533	1.2941345	1.2276821	1.2772546	1.2429142
2022-08-24	Brazil	Omicron 22A	1.258439	1.310327	1.2115213	1.2941555	1.2280743	1.2775533	1.2429113
2022-08-25	Brazil	Omicron 22A	1.2586676	1.3097587	1.2110617	1.2942473	1.2273463	1.2776289	1.2427394
2022-08-26	Brazil	Omicron 22A	1.2588948	1.3092141	1.2114689	1.2948457	1.2275877	1.2775283	1.2425554
2022-08-27	Brazil	Omicron 22A	1.2592185	1.310456	1.2119682	1.2950681	1.2273035	1.2776845	1.2422665
2022-08-28	Brazil	Omicron 22A	1.259248	1.3116488	1.2118812	1.2950546	1.2270824	1.2778332	1.2423971
2022-08-29	Brazil	Omicron 22A	1.2590988	1.312552	1.2115496	1.2950014	1.2272258	1.2778977	1.2420266
2022-08-30	Brazil	Omicron 22A	1.2590864	1.3131149	1.2112606	1.2951183	1.2268884	1.2778907	1.2418191
2022-08-31	Brazil	Omicron 22A	1.2588573	1.3132323	1.2110358	1.2951324	1.2270889	1.2779632	1.241699
2022-09-01	Brazil	Omicron 22A	1.2588179	1.3127968	1.2113502	1.2954984	1.2271832	1.2783303	1.2416064
2022-09-02	Brazil	Omicron 22A	1.258867	1.3124554	1.2116389	1.2959392	1.2270776	1.2781147	1.2414281
2022-09-03	Brazil	Omicron 22A	1.2589562	1.3131422	1.2111163	1.2956687	1.2269773	1.2781193	1.2415229
2022-09-04	Brazil	Omicron 22A	1.2589154	1.3138688	1.2106054	1.2956277	1.226759	1.2778058	1.2415032
2022-09-05	Brazil	Omicron 22A	1.2591376	1.314641	1.2101091	1.2959167	1.2266706	1.277783	1.2413392
2022-09-06	Brazil	Omicron 22A	1.2593583	1.315477	1.209907	1.2955964	1.2267553	1.2781407	1.2415078
2022-09-07	Brazil	Omicron 22A	1.259441	1.3166075	1.2097349	1.2951895	1.2270489	1.2779545	1.2415674
2022-09-08	Brazil	Omicron 22A	1.2598244	1.3177562	1.2095492	1.2954836	1.2267557	1.278221	1.2416813
2022-09-09	Brazil	Omicron 22A	1.2598659	1.3186095	1.2095494	1.295849	1.226622	1.2784019	1.2419028
2022-09-10	Brazil	Omicron 22A	1.2598938	1.3193483	1.2095344	1.2961863	1.2268296	1.2788007	1.2416469
2022-09-11	Brazil	Omicron 22A	1.2597727	1.3199306	1.2092087	1.2967749	1.2267144	1.2788963	1.2409445
2022-09-12	Brazil	Omicron 22A	1.260031	1.3205009	1.2083092	1.2973427	1.2264626	1.2793903	1.24066
2022-09-13	Brazil	Omicron 22A	1.2600548	1.3210464	1.2076387	1.2978629	1.226098	1.2799777	1.2406079
2022-09-14	Brazil	Omicron 22A	1.2599996	1.3215659	1.2076073	1.2970333	1.2260219	1.2805624	1.2404135
2022-09-15	Brazil	Omicron 22A	1.260045	1.3220623	1.2080686	1.297571	1.225841	1.2800944	1.2407039
2022-09-16	Brazil	Omicron 22A	1.259922	1.3229057	1.2085605	1.2977669	1.2258669	1.2806294	1.2407228
2022-09-17	Brazil	Omicron 22A	1.2599802	1.3239026	1.2076752	1.2980906	1.2255025	1.2808697	1.2406871
2022-09-18	Brazil	Omicron 22A	1.2600543	1.324857	1.2079413	1.2975593	1.2250183	1.2806162	1.2406905
2022-09-19	Brazil	Omicron 22A	1.2599674	1.3253245	1.2082472	1.2972075	1.224818	1.2806334	1.2404504
2022-09-20	Brazil	Omicron 22A	1.2598684	1.3246953	1.2085657	1.2975247	1.2247236	1.2805719	1.240308
2022-09-21	Brazil	Omicron 22A	1.2601686	1.3239315	1.2087581	1.2982513	1.2243623	1.2805085	1.2402036
2022-09-22	Brazil	Omicron 22A	1.2604241	1.3231366	1.208901	1.2982488	1.2240691	1.28066	1.2403281
2022-09-23	Brazil	Omicron 22A	1.2606502	1.3223379	1.2089101	1.2986974	1.2240111	1.2807201	1.240521
2022-09-24	Brazil	Omicron 22A	1.2608237	1.3215897	1.2090248	1.2982867	1.2241418	1.2807827	1.2401935
2022-09-25	Brazil	Omicron 22A	1.2606332	1.3212454	1.2085311	1.2983056	1.2241179	1.2807703	1.2398896
2022-09-26	Brazil	Omicron 22A	1.2606666	1.3227714	1.2085876	1.29881	1.2243147	1.2805643	1.2399722
2022-09-27	Brazil	Omicron 22A	1.2604377	1.3220967	1.208458	1.2988498	1.2235796	1.2806771	1.2394903
2022-09-28	Brazil	Omicron 22A	1.2606281	1.3217937	1.2073102	1.2994735	1.2229229	1.2812241	1.2395378
2022-09-29	Brazil	Omicron 22A	1.2607428	1.3235883	1.2061567	1.2999412	1.2224684	1.2808646	1.2396698
2022-09-30	Brazil	Omicron 22A	1.2611539	1.3249094	1.2048504	1.3011111	1.2221117	1.2815063	1.2396171
2022-10-01	Brazil	Omicron 22A	1.2609807	1.3234944	1.2035421	1.3021849	1.2208467	1.2815275	1.2390512
2022-06-20	Brazil	Omicron 22B	1.3670514	1.4094791	1.3172798	1.3967252	1.3375549	1.3809509	1.3522861
2022-06-21	Brazil	Omicron 22B	1.3666987	1.4095302	1.3177644	1.3965104	1.3379414	1.3807354	1.3521821
2022-06-22	Brazil	Omicron 22B	1.3670722	1.4094571	1.3181474	1.3968903	1.3381869	1.3805904	1.3518647
2022-06-23	Brazil	Omicron 22B	1.367063	1.409359	1.3184512	1.3970668	1.3386505	1.3804579	1.3519903
2022-06-24	Brazil	Omicron 22B	1.3670604	1.409245	1.3186837	1.396667	1.3387614	1.3805094	1.3520098
2022-06-25	Brazil	Omicron 22B	1.3671572	1.4091188	1.3188539	1.3967988	1.3387802	1.3806682	1.352104
2022-06-26	Brazil	Omicron 22B	1.3672514	1.4089835	1.3192918	1.3969185	1.3386674	1.3806564	1.3521514
2022-06-27	Brazil	Omicron 22B	1.3672683	1.408843	1.3200659	1.3968984	1.3384805	1.3806396	1.3521757
2022-06-28	Brazil	Omicron 22B	1.3672392	1.4087007	1.3201683	1.396967	1.3386211	1.3806936	1.3522185
2022-06-29	Brazil	Omicron 22B	1.3672551	1.4085603	1.3201523	1.3968015	1.3386672	1.380719	1.3522543
2022-06-30	Brazil	Omicron 22B	1.3673204	1.408436	1.3203306	1.3966148	1.3387896	1.3807219	1.3523052
2022-07-01	Brazil	Omicron 22B	1.3673279	1.4085422	1.3205049	1.3964547	1.338757	1.3809526	1.3524115
2022-07-02	Brazil	Omicron 22B	1.3672442	1.4087627	1.3206737	1.396276	1.3387214	1.3809257	1.3524139
2022-07-03	Brazil	Omicron 22B	1.3672241	1.4089758	1.3208351	1.3958728	1.3387156	1.3808829	1.352437
2022-07-04	Brazil	Omicron 22B	1.3670845	1.4088955	1.3209882	1.3957751	1.338706	1.380827	1.3523523
2022-07-05	Brazil	Omicron 22B	1.3670607	1.4088562	1.3211316	1.3958442	1.3387142	1.3809096	1.3523135
2022-07-06	Brazil	Omicron 22B	1.367049	1.4088352	1.3212639	1.3959196	1.3387406	1.3809487	1.3521948
2022-07-07	Brazil	Omicron 22B	1.3669868	1.4088267	1.321384	1.3959796	1.3386319	1.3810694	1.3520792
2022-07-08	Brazil	Omicron 22B	1.3668768	1.4089216	1.3214906	1.3959942	1.3382188	1.3809543	1.3519963
2022-07-09	Brazil	Omicron 22B	1.3667747	1.4089671	1.3215015	1.3958936	1.3378288	1.3809022	1.3521457
2022-07-10	Brazil	Omicron 22B	1.3668411	1.4088752	1.321444	1.3958088	1.3379772	1.3807837	1.352258
2022-07-11	Brazil	Omicron 22B	1.3668487	1.4087503	1.3213598	1.3957253	1.3379924	1.380729	1.352207
2022-07-12	Brazil	Omicron 22B	1.3667542	1.4086193	1.321249	1.3956425	1.3382027	1.3805196	1.3521452
2022-07-13	Brazil	Omicron 22B	1.3667597	1.4085536	1.3211126	1.3955071	1.3382713	1.380455	1.352122
2022-07-14	Brazil	Omicron 22B	1.3667115	1.4087069	1.3209522	1.3953345	1.3382063	1.3802862	1.3522358
2022-07-15	Brazil	Omicron 22B	1.3666041	1.4088384	1.3207736	1.395138	1.3381783	1.3801526	1.3523123
2022-07-16	Brazil	Omicron 22B	1.3665802	1.408891	1.320584	1.3949518	1.3381821	1.3799696	1.3523695
2022-07-17	Brazil	Omicron 22B	1.3665509	1.4087703	1.3203909	1.3947477	1.3382145	1.3797476	1.3522236
2022-07-18	Brazil	Omicron 22B	1.3665137	1.4086456	1.3202	1.3944836	1.3382717	1.3796763	1.3520257
2022-07-19	Brazil	Omicron 22B	1.3665364	1.4085124	1.3200126	1.394113	1.3383476	1.3796645	1.351935
2022-07-20	Brazil	Omicron 22B	1.366518	1.4083755	1.3194265	1.3940289	1.3384372	1.3797603	1.3518945
2022-07-21	Brazil	Omicron 22B	1.366483	1.4083962	1.3188266	1.3939223	1.3381851	1.3797147	1.351995
2022-07-22	Brazil	Omicron 22B	1.3664105	1.4084213	1.3187449	1.3939507	1.3372288	1.3796422	1.3521526
2022-07-23	Brazil	Omicron 22B	1.366323	1.4083953	1.3186929	1.3940065	1.3372693	1.3795786	1.3521979
2022-07-24	Brazil	Omicron 22B	1.3662231	1.4083295	1.3186765	1.3942479	1.3371141	1.3795471	1.3520844
2022-07-25	Brazil	Omicron 22B	1.3661243	1.4083211	1.3187011	1.3944314	1.3367888	1.3794289	1.3520138
2022-07-26	Brazil	Omicron 22B	1.3660371	1.4083176	1.3184698	1.3944508	1.3367285	1.3795531	1.3519111
2022-07-27	Brazil	Omicron 22B	1.3660085	1.408325	1.3182282	1.394505	1.3367088	1.3796362	1.3517504
2022-07-28	Brazil	Omicron 22B	1.3662122	1.4083444	1.3179985	1.3943883	1.3366723	1.3793626	1.3516974
2022-07-29	Brazil	Omicron 22B	1.3663288	1.4084325	1.317785	1.3943313	1.3366944	1.3795564	1.351766
2022-07-30	Brazil	Omicron 22B	1.3663278	1.4084206	1.3175857	1.394394	1.3367776	1.3794918	1.3517796
2022-07-31	Brazil	Omicron 22B	1.3664265	1.4084089	1.3174064	1.394459	1.3368506	1.3795388	1.3518704
2022-08-01	Brazil	Omicron 22B	1.3665017	1.4084	1.3172572	1.3943968	1.3368368	1.3793327	1.35168
2022-08-02	Brazil	Omicron 22B	1.3663135	1.4083959	1.3171421	1.3943281	1.3367071	1.3792356	1.3519132
2022-08-03	Brazil	Omicron 22B	1.3662218	1.4083982	1.3170655	1.3943725	1.3367662	1.379186	1.3518608
2022-08-04	Brazil	Omicron 22B	1.3660911	1.4084084	1.3170314	1.3945413	1.3368375	1.3792126	1.3515918
2022-08-05	Brazil	Omicron 22B	1.3660846	1.4084284	1.3170438	1.394703	1.3369144	1.3790666	1.3515792
2022-08-06	Brazil	Omicron 22B	1.3659291	1.4084597	1.3171061	1.3948578	1.3369613	1.3790296	1.3515363
2022-08-07	Brazil	Omicron 22B	1.3659041	1.4084995	1.3172129	1.3950008	1.3370043	1.3789194	1.3509984
2022-08-08	Brazil	Omicron 22B	1.3657725	1.408544	1.3173544	1.3950495	1.3370527	1.3790135	1.3508011
2022-08-09	Brazil	Omicron 22B	1.3655252	1.4084237	1.3179438	1.3949473	1.3371096	1.3790371	1.3505433
2022-08-10	Brazil	Omicron 22B	1.365365	1.4081383	1.3181986	1.3946924	1.3370531	1.3789512	1.3505663
2022-08-11	Brazil	Omicron 22B	1.3656307	1.4078374	1.3181435	1.3946843	1.3371218	1.3788218	1.3506471
2022-08-12	Brazil	Omicron 22B	1.3659283	1.4075153	1.3180783	1.3946594	1.3371568	1.3789959	1.3504119
2022-08-13	Brazil	Omicron 22B	1.3660109	1.4071822	1.3182162	1.3946565	1.3371847	1.3790691	1.3505876
2022-08-14	Brazil	Omicron 22B	1.3660192	1.4069291	1.3182017	1.3947737	1.3372072	1.379075	1.350947
2022-08-15	Brazil	Omicron 22B	1.365993	1.4066873	1.3181577	1.3945935	1.3372351	1.3790874	1.3512197
2022-08-16	Brazil	Omicron 22B	1.3658748	1.406496	1.3180945	1.3945174	1.3372073	1.3793766	1.3510507
2022-08-17	Brazil	Omicron 22B	1.3659337	1.4062722	1.3179878	1.3943993	1.3371766	1.3793919	1.3508754
2022-08-18	Brazil	Omicron 22B	1.365963	1.4060357	1.3178271	1.3944614	1.3371278	1.3794248	1.3508358
2022-08-19	Brazil	Omicron 22B	1.366046	1.4057944	1.317647	1.3947325	1.3370457	1.3793132	1.3506579
2022-08-20	Brazil	Omicron 22B	1.3659103	1.4057735	1.3174522	1.3949518	1.3367249	1.3793445	1.3506755
2022-08-21	Brazil	Omicron 22B	1.3659841	1.4057641	1.3172474	1.394927	1.3363582	1.3795677	1.3506682
2022-08-22	Brazil	Omicron 22B	1.3661449	1.4057641	1.3170373	1.3949893	1.3362414	1.3795484	1.3507831
2022-08-23	Brazil	Omicron 22B	1.3661617	1.4060302	1.316827	1.3949465	1.3363748	1.3794868	1.3503683
2022-08-24	Brazil	Omicron 22B	1.3662214	1.406274	1.3166211	1.394904	1.3365339	1.379395	1.3502332
2022-08-25	Brazil	Omicron 22B	1.3662798	1.4061656	1.3164244	1.3949206	1.3366656	1.3793677	1.3501699
2022-08-26	Brazil	Omicron 22B	1.3664678	1.4062533	1.3162415	1.3949338	1.3366033	1.3794894	1.3501768
2022-08-27	Brazil	Omicron 22B	1.3666633	1.4064536	1.3160775	1.3948371	1.3368533	1.3795877	1.350188
2022-08-28	Brazil	Omicron 22B	1.3669007	1.406651	1.315933	1.3950994	1.3367454	1.3797462	1.3503411
2022-08-29	Brazil	Omicron 22B	1.3670987	1.4068401	1.3157978	1.3951459	1.3366506	1.3797364	1.350537
2022-08-30	Brazil	Omicron 22B	1.367065	1.4070165	1.3156914	1.3949492	1.3366076	1.3796649	1.3506372
2022-08-31	Brazil	Omicron 22B	1.3668909	1.4071829	1.3157955	1.3947769	1.33661	1.3795843	1.3507047
2022-09-01	Brazil	Omicron 22B	1.3669528	1.4073331	1.3159227	1.3946615	1.3366513	1.3797369	1.3506123
2022-09-02	Brazil	Omicron 22B	1.3669925	1.4077041	1.3160682	1.3948206	1.336725	1.3800082	1.3507257
2022-09-03	Brazil	Omicron 22B	1.3670332	1.4081464	1.3161173	1.3949571	1.3368247	1.3802189	1.3508141
2022-09-04	Brazil	Omicron 22B	1.366865	1.4082277	1.3161662	1.3948586	1.3369011	1.3802038	1.3508706
2022-09-05	Brazil	Omicron 22B	1.3668382	1.4082365	1.3161757	1.3947551	1.3369426	1.3801804	1.3508127
2022-09-06	Brazil	Omicron 22B	1.3668747	1.4080801	1.3157499	1.3949391	1.3371232	1.3803006	1.3509244
2022-09-07	Brazil	Omicron 22B	1.3667371	1.4080153	1.3153208	1.3949311	1.3373266	1.3802031	1.3509421
2022-09-08	Brazil	Omicron 22B	1.3666269	1.4079587	1.3148743	1.3949463	1.3372877	1.3801924	1.3509735
2022-09-09	Brazil	Omicron 22B	1.3665636	1.407912	1.3145224	1.3949982	1.3369664	1.3801155	1.3510859
2022-09-10	Brazil	Omicron 22B	1.3664422	1.4078754	1.3145761	1.3951155	1.3364958	1.3800633	1.3512175
2022-09-11	Brazil	Omicron 22B	1.3664548	1.4078478	1.3146294	1.3951255	1.3360066	1.3802434	1.3513346
2022-09-12	Brazil	Omicron 22B	1.3665669	1.4077494	1.3146803	1.3952252	1.3355727	1.3803735	1.3514758
2022-09-13	Brazil	Omicron 22B	1.3664622	1.407635	1.3147266	1.3953124	1.3355367	1.3805277	1.3516151
2022-09-14	Brazil	Omicron 22B	1.3664427	1.4076363	1.3147662	1.3953117	1.3356583	1.3808429	1.3517488
2022-09-15	Brazil	Omicron 22B	1.3663878	1.4076364	1.314797	1.3952267	1.3358123	1.3811474	1.3516117
2022-09-16	Brazil	Omicron 22B	1.3665023	1.40762	1.3148168	1.3953152	1.3359612	1.3809977	1.3514225
2022-09-17	Brazil	Omicron 22B	1.3665113	1.4075856	1.3148482	1.3952941	1.3357586	1.3810129	1.3514527
2022-09-18	Brazil	Omicron 22B	1.3665183	1.4075322	1.3149397	1.3952565	1.3358967	1.3811741	1.3512093
2022-09-19	Brazil	Omicron 22B	1.366513	1.4075394	1.315085	1.3952509	1.3358079	1.3812532	1.3510909
2022-09-20	Brazil	Omicron 22B	1.3665113	1.4075603	1.3152437	1.3954774	1.3355621	1.3812795	1.351085
2022-09-21	Brazil	Omicron 22B	1.3665149	1.4076282	1.315377	1.3950639	1.3352845	1.381334	1.3511711
2022-09-22	Brazil	Omicron 22B	1.3662405	1.4077163	1.3154827	1.3949752	1.334845	1.3814403	1.3512814
2022-09-23	Brazil	Omicron 22B	1.3660477	1.4079826	1.3154762	1.3948382	1.3346403	1.3815246	1.3510102
2022-09-24	Brazil	Omicron 22B	1.3661897	1.4080501	1.3152822	1.3946996	1.3342416	1.3817077	1.3509418
2022-09-25	Brazil	Omicron 22B	1.3666601	1.4081357	1.3152514	1.3947855	1.3340132	1.3819106	1.3507658
2022-09-26	Brazil	Omicron 22B	1.3669177	1.4083679	1.3151662	1.3946017	1.3341331	1.3822117	1.3505702
2022-09-27	Brazil	Omicron 22B	1.3668375	1.4081368	1.3149157	1.3947093	1.3341525	1.3824561	1.350381
2022-09-28	Brazil	Omicron 22B	1.3668648	1.4079251	1.3149192	1.3947089	1.3338999	1.3823204	1.3503797
2022-09-29	Brazil	Omicron 22B	1.3667507	1.4079654	1.3149133	1.3948154	1.3337775	1.3820647	1.3503352
2022-09-30	Brazil	Omicron 22B	1.3670099	1.4080281	1.3146116	1.3946747	1.3338143	1.3821828	1.3503861
2022-10-01	Brazil	Omicron 22B	1.3671846	1.4082124	1.3139529	1.395502	1.3338897	1.3827173	1.3504972
2022-06-20	Brazil	Omicron 22C	1.0392666	1.1673484	0.9412601	1.1080315	0.9746659	1.0771589	1.0023829
2022-06-21	Brazil	Omicron 22C	1.0402807	1.1663759	0.94235647	1.1080984	0.9751183	1.0795646	1.002416
2022-06-22	Brazil	Omicron 22C	1.0409172	1.1653306	0.9425541	1.1109202	0.9754688	1.0792544	1.001969
2022-06-23	Brazil	Omicron 22C	1.0415845	1.1643195	0.94233394	1.1098914	0.97406983	1.079266	1.0019417
2022-06-24	Brazil	Omicron 22C	1.0414194	1.1632369	0.9413848	1.1118326	0.97453165	1.0798612	1.001709
2022-06-25	Brazil	Omicron 22C	1.0414389	1.1623485	0.9420948	1.1110314	0.97507125	1.079578	1.0017176
2022-06-26	Brazil	Omicron 22C	1.0410466	1.1623507	0.94113255	1.1094474	0.97432214	1.0788611	1.0021837
2022-06-27	Brazil	Omicron 22C	1.0399665	1.1637721	0.94096255	1.1098099	0.97457063	1.0797387	1.0025787
2022-06-28	Brazil	Omicron 22C	1.0401604	1.163629	0.9412346	1.1102992	0.9744322	1.0795633	1.0024568
2022-06-29	Brazil	Omicron 22C	1.039786	1.1635368	0.9415108	1.1106793	0.97431207	1.0803475	1.0025191
2022-06-30	Brazil	Omicron 22C	1.039041	1.1634533	0.9417691	1.1109198	0.97443193	1.0807343	1.0026965
2022-07-01	Brazil	Omicron 22C	1.0387279	1.1633484	0.94198763	1.1113547	0.97418034	1.080997	1.0028552
2022-07-02	Brazil	Omicron 22C	1.0386827	1.1631982	0.94233155	1.1113605	0.9740763	1.0820404	1.0028437
2022-07-03	Brazil	Omicron 22C	1.0383385	1.1642668	0.9422324	1.1112288	0.97422516	1.081584	1.0027939
2022-07-04	Brazil	Omicron 22C	1.038966	1.1638205	0.94225764	1.111124	0.9741175	1.0817002	1.0031337
2022-07-05	Brazil	Omicron 22C	1.0391963	1.1633674	0.9418452	1.1110262	0.97411275	1.0817047	1.0030138
2022-07-06	Brazil	Omicron 22C	1.0393329	1.1629062	0.94107467	1.1111077	0.9741996	1.0814153	1.0029845
2022-07-07	Brazil	Omicron 22C	1.03894	1.1624448	0.9411291	1.111027	0.974318	1.081537	1.0028454
2022-07-08	Brazil	Omicron 22C	1.0389218	1.1612502	0.9409131	1.1108904	0.97446316	1.0810995	1.0024765
2022-07-09	Brazil	Omicron 22C	1.0391281	1.1603763	0.9403346	1.1112356	0.9747402	1.081287	1.0025736
2022-07-10	Brazil	Omicron 22C	1.0390968	1.1600834	0.9397801	1.1111385	0.9750892	1.08127	1.0027084
2022-07-11	Brazil	Omicron 22C	1.0390828	1.159838	0.93927205	1.1107513	0.97512805	1.0823449	1.0024548
2022-07-12	Brazil	Omicron 22C	1.0394037	1.1588795	0.9387679	1.1106005	0.97525513	1.082372	1.0024687
2022-07-13	Brazil	Omicron 22C	1.0393834	1.1577058	0.9382243	1.1105514	0.9754766	1.0820513	1.0025265
2022-07-14	Brazil	Omicron 22C	1.0397987	1.1572684	0.93805313	1.1108836	0.975298	1.0819061	1.0022101
2022-07-15	Brazil	Omicron 22C	1.0399164	1.1572367	0.93783367	1.1113076	0.9742272	1.0814219	1.002619
2022-07-16	Brazil	Omicron 22C	1.0395808	1.1570177	0.9376277	1.1117563	0.9747417	1.0806403	1.0025706
2022-07-17	Brazil	Omicron 22C	1.0394802	1.1566947	0.93747306	1.1118277	0.9753825	1.080671	1.0018739
2022-07-18	Brazil	Omicron 22C	1.0391209	1.1561744	0.937364	1.1119788	0.9755976	1.0819204	1.0016152
2022-07-19	Brazil	Omicron 22C	1.0391049	1.1565866	0.93729436	1.1127944	0.97535676	1.0819165	1.0013582
2022-07-20	Brazil	Omicron 22C	1.0391245	1.156174	0.9372583	1.1129984	0.97517717	1.0820019	1.0011959
2022-07-21	Brazil	Omicron 22C	1.0393317	1.1557567	0.9372498	1.1126431	0.97510767	1.0816501	1.0012302
2022-07-22	Brazil	Omicron 22C	1.0395443	1.1548188	0.93724835	1.1121066	0.97527677	1.0810983	1.0016731
2022-07-23	Brazil	Omicron 22C	1.0398228	1.1543964	0.93726015	1.1125159	0.97513914	1.080977	1.0017862
2022-07-24	Brazil	Omicron 22C	1.0400555	1.1537263	0.9372796	1.1129844	0.97504133	1.0801647	1.0019113
2022-07-25	Brazil	Omicron 22C	1.0401797	1.1533839	0.9373007	1.1134999	0.97494364	1.0805249	1.0018518
2022-07-26	Brazil	Omicron 22C	1.0399702	1.1527792	0.93731916	1.1144618	0.97465074	1.0805013	1.0013459
2022-07-27	Brazil	Omicron 22C	1.0399983	1.1521201	0.93733275	1.1133015	0.9744748	1.0809193	1.0017862
2022-07-28	Brazil	Omicron 22C	1.0402111	1.1514188	0.93733966	1.1123897	0.9746937	1.081947	1.0016993
2022-07-29	Brazil	Omicron 22C	1.0398594	1.1509137	0.93736726	1.1124022	0.9742782	1.081693	1.0016993
2022-07-30	Brazil	Omicron 22C	1.0396049	1.1506068	0.9382273	1.1119831	0.9742577	1.0814718	1.001357
2022-07-31	Brazil	Omicron 22C	1.0398284	1.1504297	0.9390509	1.1122139	0.9743737	1.081878	1.0014758
2022-08-01	Brazil	Omicron 22C	1.0396549	1.1505053	0.9396864	1.1123534	0.97411	1.0820615	1.0017366
2022-08-02	Brazil	Omicron 22C	1.0397317	1.1505831	0.93978435	1.1119919	0.974085	1.0823983	1.0018802
2022-08-03	Brazil	Omicron 22C	1.040515	1.1506667	0.9398353	1.1125406	0.97398436	1.0820049	1.0017501
2022-08-04	Brazil	Omicron 22C	1.0402011	1.1507592	0.93983066	1.1129975	0.9740211	1.0823419	1.0012854
2022-08-05	Brazil	Omicron 22C	1.0394797	1.1508644	0.9397621	1.1134461	0.9742031	1.0820792	1.0008289
2022-08-06	Brazil	Omicron 22C	1.0395371	1.1509852	0.9396231	1.1135595	0.9740702	1.0817249	1.0006766
2022-08-07	Brazil	Omicron 22C	1.0393953	1.1511254	0.9394206	1.1137505	0.97356737	1.082274	1.0001022
2022-08-08	Brazil	Omicron 22C	1.0392566	1.1513666	0.93916833	1.113768	0.9729084	1.0818951	1.0004072
2022-08-09	Brazil	Omicron 22C	1.0395051	1.1506581	0.9388801	1.1140178	0.9722742	1.0813093	1.0001512
2022-08-10	Brazil	Omicron 22C	1.0395311	1.1509409	0.93856966	1.1144385	0.972401	1.0811927	0.99986714
2022-08-11	Brazil	Omicron 22C	1.0389622	1.1513169	0.9382506	1.1149925	0.9723027	1.0813038	0.99982387
2022-08-12	Brazil	Omicron 22C	1.0389034	1.1513994	0.9379368	1.1156957	0.972531	1.0806783	0.9996009
2022-08-13	Brazil	Omicron 22C	1.0391223	1.1513487	0.93752694	1.1158742	0.9718176	1.0803853	0.99950707
2022-08-14	Brazil	Omicron 22C	1.0394897	1.1515427	0.9370203	1.1157155	0.9711886	1.0805573	0.9995012
2022-08-15	Brazil	Omicron 22C	1.0396321	1.1517587	0.93663734	1.1154618	0.97075707	1.0798982	0.9993595
2022-08-16	Brazil	Omicron 22C	1.0397661	1.1516893	0.93641734	1.11571	0.9704207	1.0796604	0.99927425
2022-08-17	Brazil	Omicron 22C	1.0397294	1.1514397	0.9363993	1.1156217	0.9704653	1.0795693	0.9993013
2022-08-18	Brazil	Omicron 22C	1.0390904	1.1512368	0.93660176	1.1153527	0.9705524	1.079373	0.99893284
2022-08-19	Brazil	Omicron 22C	1.0385127	1.151186	0.9369818	1.1149992	0.97058666	1.0790806	0.9988159
2022-08-20	Brazil	Omicron 22C	1.039194	1.151148	0.9371017	1.1143773	0.9706115	1.0788769	0.99898136
2022-08-21	Brazil	Omicron 22C	1.0398543	1.151236	0.9372649	1.1142358	0.9719014	1.0788143	0.99916047
2022-08-22	Brazil	Omicron 22C	1.0396965	1.151805	0.9374589	1.1139159	0.9721651	1.0790552	0.99961406
2022-08-23	Brazil	Omicron 22C	1.0392067	1.1516657	0.9376708	1.1131709	0.97229064	1.0793872	0.9996194
2022-08-24	Brazil	Omicron 22C	1.0389316	1.1516483	0.93788815	1.1136494	0.9718148	1.0794191	1.000002
2022-08-25	Brazil	Omicron 22C	1.0389487	1.1519005	0.9380982	1.1147586	0.97116446	1.079609	1.0004915
2022-08-26	Brazil	Omicron 22C	1.0387161	1.1521547	0.93823016	1.1149551	0.9708274	1.0798647	1.000169
2022-08-27	Brazil	Omicron 22C	1.0384699	1.1524755	0.93826294	1.1151856	0.9707851	1.0799116	0.9996275
2022-08-28	Brazil	Omicron 22C	1.0379995	1.1546013	0.9382563	1.115124	0.9695095	1.0799754	0.9996006
2022-08-29	Brazil	Omicron 22C	1.0378796	1.1547977	0.93820167	1.1153007	0.96988463	1.0797056	0.9994085
2022-08-30	Brazil	Omicron 22C	1.0385654	1.1549717	0.9380957	1.1150503	0.97074604	1.0796838	0.9991871
2022-08-31	Brazil	Omicron 22C	1.0390084	1.1551247	0.9379511	1.1153623	0.9713958	1.0795448	0.9990989
2022-09-01	Brazil	Omicron 22C	1.0394253	1.1552577	0.9384883	1.1159855	0.9704828	1.0795012	0.99894875
2022-09-02	Brazil	Omicron 22C	1.0392053	1.1553721	0.9384507	1.1164713	0.97173023	1.0809263	0.99905956
2022-09-03	Brazil	Omicron 22C	1.0394467	1.1554691	0.93841505	1.1158514	0.97251207	1.0805941	0.999014
2022-09-04	Brazil	Omicron 22C	1.0396428	1.1555502	0.93838185	1.1156721	0.9727054	1.0808629	0.9992347
2022-09-05	Brazil	Omicron 22C	1.0397446	1.1556165	0.9383515	1.1159298	0.9725957	1.0807312	0.9992953
2022-09-06	Brazil	Omicron 22C	1.0394759	1.1556697	0.93832445	1.1160243	0.9713159	1.0805407	0.9995993
2022-09-07	Brazil	Omicron 22C	1.0395995	1.1557105	0.9383011	1.1163263	0.97028357	1.0808188	0.9995696
2022-09-08	Brazil	Omicron 22C	1.0394802	1.1557405	0.938282	1.1174922	0.97121626	1.0809543	0.9998513
2022-09-09	Brazil	Omicron 22C	1.0395489	1.1557608	0.9379584	1.1175206	0.9704298	1.0808504	0.9998651
2022-09-10	Brazil	Omicron 22C	1.0395436	1.1557727	0.93695587	1.1178036	0.9698949	1.0813177	0.999972
2022-09-11	Brazil	Omicron 22C	1.0392914	1.1557747	0.9360388	1.1183052	0.9696928	1.0812037	1.0002847
2022-09-12	Brazil	Omicron 22C	1.0396464	1.1557662	0.9351908	1.1191308	0.9693288	1.081498	1.0006213
2022-09-13	Brazil	Omicron 22C	1.038976	1.1559668	0.9350157	1.1200415	0.9689919	1.0813909	1.0010192
2022-09-14	Brazil	Omicron 22C	1.0386567	1.1563214	0.9348511	1.1212734	0.9688242	1.0812705	1.0010746
2022-09-15	Brazil	Omicron 22C	1.0391433	1.1566699	0.9346911	1.1225185	0.96852934	1.0813954	1.0008802
2022-09-16	Brazil	Omicron 22C	1.0393028	1.1570072	0.9345417	1.1241034	0.9681268	1.0816975	1.0005796
2022-09-17	Brazil	Omicron 22C	1.0391879	1.158283	0.93440896	1.1246697	0.9694083	1.0819843	1.0004916
2022-09-18	Brazil	Omicron 22C	1.0386859	1.1588571	0.93427324	1.1247592	0.96947557	1.0823812	1.0003597
2022-09-19	Brazil	Omicron 22C	1.0384476	1.1594218	0.93287396	1.1246781	0.96912235	1.0826507	1.0002944
2022-09-20	Brazil	Omicron 22C	1.0385298	1.1600769	0.9329722	1.1240308	0.9690258	1.0826559	0.99985343
2022-09-21	Brazil	Omicron 22C	1.0383674	1.1652713	0.9331659	1.1248385	0.9685307	1.0827552	0.99929637
2022-09-22	Brazil	Omicron 22C	1.0379977	1.1699102	0.9334214	1.1245244	0.96834654	1.0833633	0.9991637
2022-09-23	Brazil	Omicron 22C	1.0379362	1.1723046	0.93375146	1.1239098	0.96795607	1.0843263	0.99952745
2022-09-24	Brazil	Omicron 22C	1.0381045	1.1722522	0.9340341	1.1241492	0.9688215	1.0840901	0.9991765
2022-09-25	Brazil	Omicron 22C	1.0381002	1.1723132	0.9339094	1.1244543	0.9686065	1.0844417	0.99907863
2022-09-26	Brazil	Omicron 22C	1.0385189	1.1740491	0.9335891	1.1249914	0.9689396	1.0850581	0.9991282
2022-09-27	Brazil	Omicron 22C	1.0394123	1.176721	0.93326044	1.1256372	0.9691586	1.0844669	0.999815
2022-09-28	Brazil	Omicron 22C	1.0400319	1.1800303	0.9333055	1.1254479	0.97007895	1.0858371	0.99986553
2022-09-29	Brazil	Omicron 22C	1.0396736	1.18633	0.93348753	1.1247796	0.97019905	1.0855591	0.9990432
2022-09-30	Brazil	Omicron 22C	1.03981	1.1907302	0.9334711	1.1246288	0.970466	1.0862551	0.99861306
2022-10-01	Brazil	Omicron 22C	1.0400972	1.1950972	0.93343675	1.128751	0.96854025	1.08638	0.9981309
2022-06-20	Brazil	Omicron 22E	1.032423	1.4922972	0.7252546	1.3436136	0.8168236	1.1803364	0.9147252
2022-06-21	Brazil	Omicron 22E	1.0327218	1.4923787	0.72593373	1.3431072	0.81771165	1.1791867	0.9180469
2022-06-22	Brazil	Omicron 22E	1.0330133	1.4944612	0.72652644	1.343414	0.81743175	1.1799736	0.917082
2022-06-23	Brazil	Omicron 22E	1.0312701	1.495856	0.7248322	1.3447489	0.8168191	1.1807587	0.91654366
2022-06-24	Brazil	Omicron 22E	1.0303379	1.4972975	0.7232996	1.345731	0.8168407	1.1808798	0.91607296
2022-06-25	Brazil	Omicron 22E	1.0300775	1.4998677	0.72194004	1.348159	0.8171126	1.1818422	0.9153831
2022-06-26	Brazil	Omicron 22E	1.0299144	1.5012774	0.7210341	1.3486145	0.8147664	1.1819633	0.9156486
2022-06-27	Brazil	Omicron 22E	1.0314386	1.5013502	0.7212714	1.3488504	0.81465185	1.1820878	0.91558117
2022-06-28	Brazil	Omicron 22E	1.0319462	1.5009458	0.72144794	1.3489639	0.81481653	1.1821121	0.91645575
2022-06-29	Brazil	Omicron 22E	1.0305775	1.5003357	0.72156215	1.3490123	0.8149364	1.1821344	0.916324
2022-06-30	Brazil	Omicron 22E	1.0299158	1.5016346	0.72161245	1.3489611	0.81502885	1.1822284	0.91609097
2022-07-01	Brazil	Omicron 22E	1.0300002	1.5031955	0.7215977	1.3486938	0.8151113	1.1827362	0.91608316
2022-07-02	Brazil	Omicron 22E	1.0300866	1.5046036	0.7215164	1.3483075	0.8152003	1.1832942	0.91664
2022-07-03	Brazil	Omicron 22E	1.0301646	1.5057917	0.7213726	1.3487691	0.8142858	1.1837502	0.9162337
2022-07-04	Brazil	Omicron 22E	1.0302303	1.5067213	0.7211766	1.3483032	0.81258327	1.1841146	0.91634226
2022-07-05	Brazil	Omicron 22E	1.0305722	1.5073988	0.72093856	1.3488754	0.8113157	1.1843987	0.91641057
2022-07-06	Brazil	Omicron 22E	1.0309871	1.5078304	0.7206689	1.3488559	0.8113122	1.1842384	0.9166136
2022-07-07	Brazil	Omicron 22E	1.0308089	1.5080225	0.7203779	1.348964	0.8113253	1.1840758	0.9162962
2022-07-08	Brazil	Omicron 22E	1.0306113	1.5079818	0.72042376	1.3490955	0.8114165	1.1844579	0.9169304
2022-07-09	Brazil	Omicron 22E	1.0303941	1.5077152	0.72097945	1.3493279	0.8116971	1.1846232	0.9162068
2022-07-10	Brazil	Omicron 22E	1.0301623	1.5072296	0.7215563	1.3493855	0.81127924	1.1847655	0.9161332
2022-07-11	Brazil	Omicron 22E	1.03004	1.5065317	0.7221391	1.3488934	0.8106167	1.1848942	0.91605747
2022-07-12	Brazil	Omicron 22E	1.0293614	1.5056292	0.72271323	1.3484042	0.81000924	1.1850188	0.9159953
2022-07-13	Brazil	Omicron 22E	1.0294151	1.5045869	0.72326356	1.3482821	0.8094547	1.1851435	0.91596866
2022-07-14	Brazil	Omicron 22E	1.0293846	1.5033877	0.72377694	1.3485117	0.80896574	1.1852148	0.9160424
2022-07-15	Brazil	Omicron 22E	1.0291151	1.5020618	0.7242516	1.3487669	0.80934924	1.1853042	0.91618913
2022-07-16	Brazil	Omicron 22E	1.0290047	1.5006666	0.72468984	1.3490965	0.80971205	1.1854064	0.9166547
2022-07-17	Brazil	Omicron 22E	1.0290039	1.4993601	0.7250937	1.349416	0.81005466	1.1855155	0.9164698
2022-07-18	Brazil	Omicron 22E	1.0290264	1.4995321	0.7254654	1.3489624	0.81030697	1.1856258	0.9162252
2022-07-19	Brazil	Omicron 22E	1.0290694	1.4997008	0.7258072	1.3470058	0.8095731	1.1857318	0.91667473
2022-07-20	Brazil	Omicron 22E	1.0291305	1.499858	0.7261213	1.3460355	0.810391	1.1858275	0.917035
2022-07-21	Brazil	Omicron 22E	1.0291488	1.499996	0.72641	1.3464448	0.8101427	1.1859074	0.9172739
2022-07-22	Brazil	Omicron 22E	1.0285962	1.5001066	0.7266754	1.3470922	0.8096015	1.1859658	0.91778636
2022-07-23	Brazil	Omicron 22E	1.0279942	1.5001872	0.72691983	1.347935	0.8087986	1.1862012	0.9177973
2022-07-24	Brazil	Omicron 22E	1.0273486	1.5002677	0.72714555	1.3487474	0.80772525	1.1863612	0.9181342
2022-07-25	Brazil	Omicron 22E	1.0267755	1.5002856	0.7273549	1.3485098	0.80627453	1.186363	0.91864395
2022-07-26	Brazil	Omicron 22E	1.0262275	1.5002375	0.72754645	1.3477744	0.80591875	1.1861242	0.91918087
2022-07-27	Brazil	Omicron 22E	1.0248096	1.5001291	0.7281295	1.3480048	0.80607015	1.1850398	0.91973853
2022-07-28	Brazil	Omicron 22E	1.024776	1.4999673	0.7297025	1.3481433	0.8060217	1.1843204	0.92003244
2022-07-29	Brazil	Omicron 22E	1.024928	1.501745	0.7311053	1.3482004	0.80627483	1.1837554	0.9195879
2022-07-30	Brazil	Omicron 22E	1.0248021	1.5041317	0.73048776	1.3482653	0.806456	1.184073	0.9193375
2022-07-31	Brazil	Omicron 22E	1.0251173	1.5057325	0.72981733	1.349152	0.8066531	1.1845384	0.9195622
2022-08-01	Brazil	Omicron 22E	1.025599	1.5050509	0.7291073	1.3500103	0.8068567	1.1849799	0.91841936
2022-08-02	Brazil	Omicron 22E	1.0262811	1.5043808	0.72835916	1.3508236	0.8070577	1.1853881	0.9183285
2022-08-03	Brazil	Omicron 22E	1.0267742	1.5037322	0.72763133	1.351576	0.8072465	1.1857221	0.9183601
2022-08-04	Brazil	Omicron 22E	1.0272927	1.5031146	0.727347	1.3522512	0.8074141	1.1857388	0.91751534
2022-08-05	Brazil	Omicron 22E	1.027838	1.502748	0.7269579	1.3523118	0.8073603	1.185767	0.916554
2022-08-06	Brazil	Omicron 22E	1.028401	1.5024383	0.7264844	1.3519756	0.8054337	1.1865623	0.91584903
2022-08-07	Brazil	Omicron 22E	1.0289755	1.5021446	0.72593814	1.3516966	0.8038156	1.1867833	0.91616595
2022-08-08	Brazil	Omicron 22E	1.0295568	1.5018513	0.725338	1.3514715	0.80368495	1.1867647	0.91675484
2022-08-09	Brazil	Omicron 22E	1.0299335	1.501978	0.7247028	1.3512666	0.8035577	1.1867266	0.9177449
2022-08-10	Brazil	Omicron 22E	1.0305126	1.5025403	0.7240513	1.3511037	0.8034213	1.1874334	0.918037
2022-08-11	Brazil	Omicron 22E	1.031605	1.5030513	0.72340226	1.3511677	0.80328685	1.1875242	0.9179796
2022-08-12	Brazil	Omicron 22E	1.0331035	1.503489	0.72277445	1.352238	0.8031657	1.1875031	0.9183154
2022-08-13	Brazil	Omicron 22E	1.0343437	1.503928	0.7221863	1.3521025	0.80306894	1.1878629	0.9173683
2022-08-14	Brazil	Omicron 22E	1.0344855	1.5042729	0.72174937	1.3519986	0.8015357	1.1882634	0.91627306
2022-08-15	Brazil	Omicron 22E	1.0343473	1.5044832	0.7216571	1.3519411	0.80125886	1.18914	0.91610026
2022-08-16	Brazil	Omicron 22E	1.0341874	1.5045385	0.72175545	1.3519381	0.80112046	1.1900115	0.9163177
2022-08-17	Brazil	Omicron 22E	1.033803	1.5044174	0.7219548	1.3519977	0.801068	1.1905099	0.9164013
2022-08-18	Brazil	Omicron 22E	1.0337853	1.5034999	0.7222947	1.352108	0.8011199	1.1906726	0.9162612
2022-08-19	Brazil	Omicron 22E	1.0342824	1.5024629	0.72275686	1.3522111	0.8012354	1.19069	0.9159261
2022-08-20	Brazil	Omicron 22E	1.0355389	1.5018992	0.72332	1.352195	0.8014118	1.1907232	0.9156363
2022-08-21	Brazil	Omicron 22E	1.0365157	1.5016031	0.7234366	1.3515991	0.8016897	1.1906286	0.9172168
2022-08-22	Brazil	Omicron 22E	1.0370038	1.5013471	0.7228714	1.3516841	0.8025336	1.190466	0.91867054
2022-08-23	Brazil	Omicron 22E	1.0362902	1.5011388	0.7222601	1.3517957	0.8037861	1.1902856	0.9193971
2022-08-24	Brazil	Omicron 22E	1.0355468	1.5009861	0.72238714	1.3518834	0.8050261	1.1905038	0.9192305
2022-08-25	Brazil	Omicron 22E	1.0347834	1.5008965	0.72267914	1.3518828	0.80560493	1.1906818	0.9190694
2022-08-26	Brazil	Omicron 22E	1.0342722	1.5008775	0.72286075	1.3517805	0.8056301	1.1910005	0.91891485
2022-08-27	Brazil	Omicron 22E	1.0340776	1.501193	0.7228708	1.3516605	0.8057105	1.1912296	0.9187678
2022-08-28	Brazil	Omicron 22E	1.0335621	1.501698	0.72286266	1.3514873	0.8055567	1.191514	0.9186292
2022-08-29	Brazil	Omicron 22E	1.031917	1.5021204	0.72282743	1.3516284	0.8055408	1.1913698	0.9189891
2022-08-30	Brazil	Omicron 22E	1.0303391	1.5024638	0.7227653	1.3522416	0.806104	1.1912099	0.9221766
2022-08-31	Brazil	Omicron 22E	1.0290501	1.5027456	0.722682	1.3530384	0.8064368	1.1927035	0.92239434
2022-09-01	Brazil	Omicron 22E	1.0287194	1.502984	0.7225833	1.3541694	0.8066118	1.1925613	0.92270833
2022-09-02	Brazil	Omicron 22E	1.0269783	1.5031971	0.72247505	1.354744	0.80626273	1.1922984	0.9220862
2022-09-03	Brazil	Omicron 22E	1.0261779	1.5036225	0.7223629	1.3546999	0.80593455	1.1918571	0.9200918
2022-09-04	Brazil	Omicron 22E	1.0264163	1.5042286	0.7222528	1.3546541	0.80562246	1.1912336	0.918458
2022-09-05	Brazil	Omicron 22E	1.0268052	1.5048575	0.7221504	1.3546171	0.80557287	1.1901789	0.9177562
2022-09-06	Brazil	Omicron 22E	1.0271075	1.5054982	0.7220615	1.3545992	0.80568486	1.1896546	0.91775084
2022-09-07	Brazil	Omicron 22E	1.0273178	1.5061396	0.7219919	1.3546109	0.8057073	1.1898878	0.91694105
2022-09-08	Brazil	Omicron 22E	1.0278809	1.5067707	0.7219474	1.3546624	0.8056249	1.1900467	0.9162546
2022-09-09	Brazil	Omicron 22E	1.0282772	1.5073805	0.72188556	1.3547641	0.8054223	1.1896787	0.91658604
2022-09-10	Brazil	Omicron 22E	1.0279324	1.5079615	0.7217543	1.3549222	0.80509543	1.1894686	0.9175355
2022-09-11	Brazil	Omicron 22E	1.027585	1.5084621	0.7216449	1.355129	0.80468374	1.1894836	0.9175086
2022-09-12	Brazil	Omicron 22E	1.0272977	1.5084057	0.7215458	1.355375	0.80424196	1.189361	0.9174332
2022-09-13	Brazil	Omicron 22E	1.0270417	1.5097008	0.7214459	1.3539946	0.80382913	1.1889933	0.917366
2022-09-14	Brazil	Omicron 22E	1.0266205	1.5109	0.72133386	1.3519197	0.8039679	1.1887374	0.91731566
2022-09-15	Brazil	Omicron 22E	1.0262135	1.5120282	0.7211982	1.3498273	0.8041253	1.1893215	0.91738224
2022-09-16	Brazil	Omicron 22E	1.025981	1.5131102	0.721028	1.3479444	0.80429995	1.1891028	0.91749376
2022-09-17	Brazil	Omicron 22E	1.0268888	1.5141709	0.7208116	1.3480998	0.8033436	1.1882954	0.91769135
2022-09-18	Brazil	Omicron 22E	1.0272701	1.5152357	0.72053796	1.3483133	0.8021492	1.1880702	0.9187194
2022-09-19	Brazil	Omicron 22E	1.0273314	1.5163295	0.7201959	1.348605	0.80168337	1.1883473	0.91992056
2022-09-20	Brazil	Omicron 22E	1.0276659	1.5174782	0.7197741	1.348093	0.80184656	1.188595	0.9211637
2022-09-21	Brazil	Omicron 22E	1.0282809	1.5187011	0.71925354	1.34743	0.8022333	1.1886847	0.92242074
2022-09-22	Brazil	Omicron 22E	1.0272286	1.5198992	0.7186031	1.3468444	0.8028029	1.1892079	0.9237546
2022-09-23	Brazil	Omicron 22E	1.0271871	1.5194408	0.7178455	1.3463014	0.8034549	1.1900084	0.9241803
2022-09-24	Brazil	Omicron 22E	1.0279766	1.5184557	0.71745706	1.3457658	0.80351645	1.1896361	0.9237777
2022-09-25	Brazil	Omicron 22E	1.0284483	1.5169305	0.71718353	1.3452871	0.80316406	1.1897594	0.9233254
2022-09-26	Brazil	Omicron 22E	1.0275421	1.5147662	0.7167192	1.345223	0.80279106	1.1901519	0.92283237
2022-09-27	Brazil	Omicron 22E	1.0271513	1.5140382	0.71606356	1.3438509	0.8023915	1.1904552	0.92288715
2022-09-28	Brazil	Omicron 22E	1.0278449	1.5139644	0.715199	1.3447691	0.80289286	1.1915805	0.92187506
2022-09-29	Brazil	Omicron 22E	1.0268697	1.5139922	0.7140973	1.3458141	0.8035603	1.1920861	0.9195191
2022-09-30	Brazil	Omicron 22E	1.0281829	1.5141506	0.71293557	1.3469225	0.8019769	1.1930827	0.91803604
2022-10-01	Brazil	Omicron 22E	1.0276675	1.5144684	0.7130971	1.3480965	0.80206615	1.1939994	0.91776025
2022-06-20	Brazil	other	0.9561474	1.1578026	0.79715383	1.0591093	0.85638785	1.009791	0.9007877
2022-06-21	Brazil	other	0.95537674	1.1584454	0.797804	1.0585084	0.85692954	1.010393	0.8999785
2022-06-22	Brazil	other	0.9560542	1.1588211	0.7990128	1.0590986	0.8572508	1.0108345	0.9011336
2022-06-23	Brazil	other	0.9556443	1.1589642	0.80010176	1.0596598	0.8560116	1.0104609	0.9010662
2022-06-24	Brazil	other	0.95637643	1.1589098	0.8003458	1.0595745	0.8544461	1.009806	0.90095305
2022-06-25	Brazil	other	0.9564434	1.1593252	0.80048716	1.0599227	0.8553336	1.0094461	0.9014036
2022-06-26	Brazil	other	0.9563462	1.1597981	0.80057585	1.0599005	0.85436285	1.0091708	0.9019332
2022-06-27	Brazil	other	0.9565171	1.1599346	0.80062675	1.0602711	0.8540443	1.0086677	0.90176034
2022-06-28	Brazil	other	0.9561547	1.1595514	0.80065477	1.0611459	0.8524807	1.0085834	0.90128636
2022-06-29	Brazil	other	0.9560452	1.1591223	0.8006747	1.0614994	0.85113853	1.0089039	0.90070605
2022-06-30	Brazil	other	0.9557502	1.1586552	0.80030537	1.0611744	0.8503134	1.0087115	0.90009755
2022-07-01	Brazil	other	0.9553627	1.1581573	0.79991674	1.0605521	0.8501821	1.0087004	0.9002894
2022-07-02	Brazil	other	0.95511216	1.157637	0.79987335	1.060199	0.8498777	1.0085748	0.89999676
2022-07-03	Brazil	other	0.95590484	1.1570995	0.80089986	1.060063	0.8496709	1.0087878	0.9007917
2022-07-04	Brazil	other	0.9559808	1.1565477	0.80083287	1.0598346	0.8497835	1.0091419	0.900877
2022-07-05	Brazil	other	0.95594263	1.1559848	0.7994163	1.0607052	0.8499205	1.0089209	0.9012865
2022-07-06	Brazil	other	0.955429	1.1554136	0.79983413	1.0615247	0.8500797	1.0086573	0.901099
2022-07-07	Brazil	other	0.9551128	1.1548373	0.80027145	1.061444	0.8502586	1.0091717	0.9012722
2022-07-08	Brazil	other	0.9544742	1.1542637	0.8006799	1.0613316	0.8501381	1.0092263	0.9007361
2022-07-09	Brazil	other	0.95427907	1.153702	0.8010654	1.0611658	0.8501104	1.0094314	0.9005469
2022-07-10	Brazil	other	0.9544847	1.1531371	0.8014337	1.0611775	0.8501749	1.0099322	0.8999984
2022-07-11	Brazil	other	0.95404196	1.1531458	0.8009763	1.0613579	0.8503212	1.0106251	0.900236
2022-07-12	Brazil	other	0.95387757	1.1536067	0.8006855	1.0614177	0.8505385	1.0110517	0.90011114
2022-07-13	Brazil	other	0.9540429	1.1540718	0.80056775	1.0613706	0.8508723	1.0113384	0.89971405
2022-07-14	Brazil	other	0.953972	1.1545384	0.8003589	1.0613598	0.851251	1.0114598	0.899521
2022-07-15	Brazil	other	0.9536463	1.1553352	0.8006965	1.0614148	0.85158896	1.0120353	0.89882725
2022-07-16	Brazil	other	0.9532559	1.1562598	0.80124056	1.061712	0.8519626	1.0124097	0.8984967
2022-07-17	Brazil	other	0.95330626	1.1572449	0.8015882	1.0619396	0.8524563	1.0125154	0.8984992
2022-07-18	Brazil	other	0.95336485	1.1589317	0.8017727	1.0622513	0.85281914	1.0125608	0.8985452
2022-07-19	Brazil	other	0.95389575	1.1606562	0.8020165	1.0624495	0.8522748	1.0125495	0.8981057
2022-07-20	Brazil	other	0.95440686	1.1610956	0.8022622	1.0626017	0.85294884	1.0129831	0.89807343
2022-07-21	Brazil	other	0.9547657	1.1615508	0.80250275	1.0627097	0.85338444	1.0135598	0.8978024
2022-07-22	Brazil	other	0.9546018	1.1624825	0.80273205	1.0627642	0.8535237	1.0127476	0.89776355
2022-07-23	Brazil	other	0.954707	1.1634728	0.80292916	1.062449	0.8536959	1.0122482	0.8982837
2022-07-24	Brazil	other	0.9546165	1.1644037	0.80309105	1.0620636	0.8539041	1.0131533	0.8990811
2022-07-25	Brazil	other	0.95473754	1.1641808	0.80322754	1.0611829	0.8549684	1.0137744	0.899716
2022-07-26	Brazil	other	0.9550724	1.163869	0.80333626	1.0609682	0.8560424	1.0133523	0.8991905
2022-07-27	Brazil	other	0.9544441	1.1635053	0.803566	1.0604184	0.85547006	1.0138803	0.8984658
2022-07-28	Brazil	other	0.9541805	1.1614218	0.8038311	1.0603555	0.8548946	1.0139022	0.8981762
2022-07-29	Brazil	other	0.95410573	1.159657	0.8040758	1.0599717	0.8543059	1.0131903	0.89871114
2022-07-30	Brazil	other	0.95402193	1.1590394	0.804305	1.0592327	0.8539146	1.0131142	0.89913327
2022-07-31	Brazil	other	0.95361185	1.158448	0.8045163	1.0593601	0.8537811	1.0135198	0.89966595
2022-08-01	Brazil	other	0.95370924	1.1599078	0.804708	1.0595788	0.85214067	1.0134777	0.89949185
2022-08-02	Brazil	other	0.9534522	1.1601784	0.8048994	1.059969	0.8511045	1.0133739	0.8995012
2022-08-03	Brazil	other	0.95389247	1.1593997	0.80509627	1.060745	0.84942406	1.0126312	0.8994709
2022-08-04	Brazil	other	0.95389175	1.1586685	0.8053042	1.061134	0.8488069	1.012714	0.8995455
2022-08-05	Brazil	other	0.95385814	1.1581106	0.8051606	1.0608705	0.84808886	1.012843	0.8994419
2022-08-06	Brazil	other	0.9538256	1.1579599	0.8046841	1.0612653	0.8471712	1.0127844	0.9001396
2022-08-07	Brazil	other	0.95375764	1.1578962	0.80396557	1.0623232	0.84673566	1.0118515	0.9008166
2022-08-08	Brazil	other	0.9536771	1.1579051	0.8034215	1.06278	0.84760964	1.0122467	0.9010848
2022-08-09	Brazil	other	0.95341504	1.1579726	0.80312383	1.0646898	0.84841347	1.0123413	0.9014678
2022-08-10	Brazil	other	0.95325243	1.1580844	0.80284536	1.0669588	0.8485495	1.0122783	0.9013204
2022-08-11	Brazil	other	0.95346916	1.1582264	0.80260134	1.0682018	0.8482684	1.0120734	0.90080065
2022-08-12	Brazil	other	0.9535795	1.158395	0.8024106	1.069096	0.8481173	1.0119114	0.9004708
2022-08-13	Brazil	other	0.95332634	1.1585748	0.80228037	1.0698693	0.848005	1.0119946	0.89989644
2022-08-14	Brazil	other	0.9531309	1.1587394	0.8022183	1.0705217	0.8486968	1.0122249	0.89971673
2022-08-15	Brazil	other	0.95338154	1.1588162	0.8015479	1.0709643	0.8483672	1.0122674	0.9003246
2022-08-16	Brazil	other	0.9533072	1.1575797	0.800497	1.0712183	0.84799725	1.0121663	0.90045214
2022-08-17	Brazil	other	0.95335984	1.1564784	0.7995724	1.0712931	0.8475888	1.0126069	0.90024114
2022-08-18	Brazil	other	0.95389247	1.1554799	0.79957944	1.0711246	0.8474394	1.0129166	0.90058845
2022-08-19	Brazil	other	0.95409465	1.1548872	0.79956734	1.0710528	0.8475407	1.0127796	0.90033746
2022-08-20	Brazil	other	0.95348424	1.1547046	0.7995331	1.0703142	0.84652203	1.0128087	0.8997763
2022-08-21	Brazil	other	0.9534382	1.1546729	0.7994741	1.0712318	0.845804	1.0122	0.9000651
2022-08-22	Brazil	other	0.9530312	1.1553736	0.79938734	1.0720288	0.84548473	1.0131284	0.90010244
2022-08-23	Brazil	other	0.9529233	1.1562674	0.7992698	1.0721743	0.84577423	1.0130234	0.89933217
2022-08-24	Brazil	other	0.95291007	1.1561228	0.7991186	1.0720227	0.84604096	1.0128908	0.89946747
2022-08-25	Brazil	other	0.95291245	1.1560525	0.79929495	1.0726243	0.84627295	1.012781	0.8984862
2022-08-26	Brazil	other	0.9527439	1.1562197	0.7994175	1.0727223	0.8464583	1.0127932	0.8976799
2022-08-27	Brazil	other	0.9527165	1.1567242	0.7994477	1.0727937	0.8465914	1.0132527	0.8972919
2022-08-28	Brazil	other	0.9528614	1.1565741	0.79936653	1.0727848	0.84669673	1.0135927	0.89754254
2022-08-29	Brazil	other	0.9530684	1.1563468	0.7991571	1.0725999	0.8467165	1.0144819	0.8974544
2022-08-30	Brazil	other	0.9534652	1.1563034	0.79882586	1.072406	0.84636664	1.0145757	0.8972521
2022-08-31	Brazil	other	0.9538095	1.15661	0.7981912	1.0723609	0.84523433	1.0149097	0.8973304
2022-09-01	Brazil	other	0.95359486	1.1567668	0.79716253	1.0729018	0.84407693	1.0142602	0.8980393
2022-09-02	Brazil	other	0.95357263	1.1567706	0.79600346	1.0729614	0.84291726	1.0141762	0.89733934
2022-09-03	Brazil	other	0.95371735	1.1566181	0.7955484	1.0729058	0.84184754	1.0140092	0.89732593
2022-09-04	Brazil	other	0.95388854	1.1563067	0.7950428	1.0728347	0.84247524	1.0142418	0.897416
2022-09-05	Brazil	other	0.9540371	1.1558334	0.7945603	1.0728096	0.8430912	1.0154545	0.89735544
2022-09-06	Brazil	other	0.954246	1.1551957	0.79453015	1.073418	0.8429026	1.015991	0.89775795
2022-09-07	Brazil	other	0.95437264	1.1554	0.7946778	1.073412	0.8436846	1.014669	0.8977736
2022-09-08	Brazil	other	0.9542334	1.1556957	0.7948282	1.0726613	0.8442119	1.0147492	0.89750534
2022-09-09	Brazil	other	0.9540867	1.1559976	0.79497784	1.0729477	0.84417087	1.0146933	0.89722216
2022-09-10	Brazil	other	0.9539411	1.1563039	0.79507446	1.074357	0.84392196	1.0147798	0.8969186
2022-09-11	Brazil	other	0.9540309	1.1572301	0.7951267	1.074736	0.84349036	1.0159491	0.89659715
2022-09-12	Brazil	other	0.95403534	1.1588503	0.79519755	1.0739162	0.84298444	1.016067	0.89672506
2022-09-13	Brazil	other	0.95402086	1.1605756	0.79528356	1.074043	0.84274113	1.015966	0.8972528
2022-09-14	Brazil	other	0.95399296	1.1623634	0.79533565	1.0739567	0.8436413	1.0159206	0.89702654
2022-09-15	Brazil	other	0.95364106	1.1629713	0.7954223	1.0736439	0.8444955	1.0159305	0.8967318
2022-09-16	Brazil	other	0.95357716	1.1616964	0.7954799	1.0738782	0.84531534	1.0160155	0.89679927
2022-09-17	Brazil	other	0.9535209	1.1603649	0.79538655	1.0747476	0.8450397	1.0153902	0.8968153
2022-09-18	Brazil	other	0.95351315	1.1592329	0.79523003	1.0752174	0.84467477	1.0148926	0.8968399
2022-09-19	Brazil	other	0.9535848	1.1597024	0.79500324	1.0757258	0.8448371	1.0162605	0.89646184
2022-09-20	Brazil	other	0.95386493	1.160205	0.7946989	1.076004	0.8449583	1.0165923	0.8959123
2022-09-21	Brazil	other	0.9539934	1.1607702	0.7943096	1.0758036	0.84507495	1.0155859	0.89552027
2022-09-22	Brazil	other	0.953974	1.1614082	0.7938248	1.0753284	0.84512085	1.0143489	0.89471817
2022-09-23	Brazil	other	0.9538163	1.1620765	0.79323137	1.0750546	0.8448531	1.0139482	0.8953686
2022-09-24	Brazil	other	0.953824	1.1627643	0.7925161	1.074701	0.8446269	1.0145881	0.89563954
2022-09-25	Brazil	other	0.9537956	1.163461	0.7916659	1.0755147	0.8447512	1.0144699	0.8958489
2022-09-26	Brazil	other	0.95373845	1.164336	0.7906172	1.0758909	0.8445563	1.014186	0.8963303
2022-09-27	Brazil	other	0.9543	1.1660638	0.7903015	1.0742738	0.8433156	1.014159	0.89587855
2022-09-28	Brazil	other	0.9539544	1.1676602	0.7902629	1.0727552	0.84195167	1.0147862	0.89502686
2022-09-29	Brazil	other	0.95315254	1.167344	0.7902025	1.0712918	0.84127855	1.0147066	0.89449155
2022-09-30	Brazil	other	0.95243454	1.1670996	0.7901019	1.0712016	0.8421182	1.0148214	0.89667195
2022-10-01	Brazil	other	0.9531747	1.1672995	0.78997296	1.0712922	0.83914787	1.0147204	0.89763486
