date,location,variant,median_ga,ga_upper_95,ga_lower_95,ga_upper_80,ga_lower_80,ga_upper_50,ga_lower_50
2021-11-04,Brazil,Delta,0.56076014,0.6247429,0.50072336,0.60764825,0.5201168,0.5874132,0.54067326
2021-11-05,Brazil,Delta,0.56063986,0.6244685,0.49981844,0.60546875,0.5196477,0.58572596,0.5393871
2021-11-06,Brazil,Delta,0.55956006,0.62512374,0.5001817,0.60352606,0.5184489,0.58463717,0.53714126
2021-11-07,Brazil,Delta,0.5579891,0.6234848,0.49885195,0.6022937,0.51631635,0.5841629,0.53592753
2021-11-08,Brazil,Delta,0.556584,0.62220055,0.49745667,0.60286045,0.5142755,0.58313596,0.53461283
2021-11-09,Brazil,Delta,0.55519545,0.6218165,0.495996,0.60153836,0.5133229,0.58165085,0.5338701
2021-11-10,Brazil,Delta,0.5548051,0.6199373,0.49490255,0.60040414,0.5125405,0.5803153,0.532091
2021-11-11,Brazil,Delta,0.5542035,0.6192814,0.49401754,0.5996498,0.5116905,0.57879126,0.53107333
2021-11-12,Brazil,Delta,0.55362654,0.61830485,0.4927745,0.59904397,0.5108228,0.57624,0.5301445
2021-11-13,Brazil,Delta,0.55203354,0.61595607,0.49164653,0.59777045,0.5099503,0.5745028,0.5287971
2021-11-14,Brazil,Delta,0.5509212,0.6157224,0.49064118,0.59599257,0.5090878,0.573822,0.52802837
2021-11-15,Brazil,Delta,0.5496901,0.6160792,0.49038,0.5938407,0.508308,0.5725009,0.52682185
2021-11-16,Brazil,Delta,0.5490705,0.6159469,0.48883706,0.59231234,0.5077058,0.5707732,0.5257497
2021-11-17,Brazil,Delta,0.5477344,0.61566716,0.48706698,0.59159666,0.5066712,0.5695567,0.5245951
2021-11-18,Brazil,Delta,0.5463338,0.6153099,0.4854847,0.5903995,0.50521183,0.5680085,0.523069
2021-11-19,Brazil,Delta,0.5451729,0.61470914,0.48309803,0.5875653,0.50422424,0.5664207,0.52204305
2021-11-20,Brazil,Delta,0.5443469,0.61383355,0.48158807,0.5864319,0.5027605,0.56421053,0.52118915
2021-11-21,Brazil,Delta,0.5429355,0.6116257,0.4800768,0.58384323,0.4999626,0.5626964,0.52021205
2021-11-22,Brazil,Delta,0.5404895,0.60866606,0.47887874,0.5821295,0.49812528,0.5610028,0.5185019
2021-11-23,Brazil,Delta,0.53859127,0.60602856,0.47770047,0.5794473,0.49681747,0.55825126,0.5170397
2021-11-24,Brazil,Delta,0.5362053,0.60359097,0.4760525,0.5772504,0.4954992,0.55623645,0.51480436
2021-11-25,Brazil,Delta,0.5343108,0.6004203,0.47466236,0.57419777,0.49399891,0.55412954,0.51271725
2021-11-26,Brazil,Delta,0.53244424,0.59692687,0.47362047,0.57098114,0.4921936,0.55141073,0.51114815
2021-11-27,Brazil,Delta,0.5300431,0.5933294,0.47219798,0.5677035,0.49042004,0.5488289,0.5098154
2021-11-28,Brazil,Delta,0.5273106,0.5889211,0.47113395,0.5641963,0.48901737,0.5456257,0.5074221
2021-11-29,Brazil,Delta,0.5235534,0.58436084,0.4701642,0.55998695,0.48645118,0.54186386,0.5046849
2021-11-30,Brazil,Delta,0.52084994,0.579203,0.4690107,0.5562904,0.4847336,0.5381323,0.5022005
2021-12-01,Brazil,Delta,0.5173346,0.575055,0.46723145,0.55098474,0.48249713,0.5350591,0.4994871
2021-12-02,Brazil,Delta,0.5146744,0.5707594,0.46513468,0.5484607,0.48076922,0.5319067,0.4969768
2021-12-03,Brazil,Delta,0.5122119,0.5658785,0.46286198,0.5449499,0.47862974,0.5295012,0.49390265
2021-12-04,Brazil,Delta,0.5089327,0.5605445,0.46203116,0.5413311,0.47561926,0.5255505,0.49126834
2021-12-05,Brazil,Delta,0.50539535,0.5563362,0.4605931,0.53651243,0.47379866,0.52207243,0.48830807
2021-12-06,Brazil,Delta,0.5024923,0.55292505,0.45859173,0.53256196,0.47198611,0.5189809,0.4851978
2021-12-07,Brazil,Delta,0.49888358,0.5489652,0.45653313,0.5304728,0.4701537,0.5163152,0.48280084
2021-12-08,Brazil,Delta,0.4964701,0.5462364,0.45408797,0.5279951,0.46681678,0.51323724,0.48073357
2021-12-09,Brazil,Delta,0.49372414,0.5431403,0.4524251,0.5253966,0.46622056,0.5101984,0.478213
2021-12-10,Brazil,Delta,0.49187052,0.5409167,0.45064417,0.5229697,0.46362755,0.50830483,0.47623232
2021-12-11,Brazil,Delta,0.48990434,0.5380815,0.44938573,0.5209279,0.46154264,0.50610906,0.47457823
2021-12-12,Brazil,Delta,0.48824024,0.5357326,0.44818944,0.519002,0.45955777,0.50462025,0.472834
2021-12-13,Brazil,Delta,0.48691016,0.53411716,0.44738516,0.51695997,0.45729634,0.5036725,0.47156164
2021-12-14,Brazil,Delta,0.48623258,0.53260505,0.4468186,0.5150937,0.45624754,0.50254935,0.47029403
2021-12-15,Brazil,Delta,0.4847832,0.5322666,0.44632423,0.51362467,0.45475954,0.5008744,0.4693625
2021-12-16,Brazil,Delta,0.48380545,0.53177667,0.4449268,0.5130138,0.45331976,0.49966884,0.46855325
2021-12-17,Brazil,Delta,0.48225045,0.5309876,0.44298744,0.51216036,0.45307207,0.49877247,0.4675021
2021-12-18,Brazil,Delta,0.4820065,0.5297237,0.4419967,0.511624,0.45278937,0.49862528,0.46663117
2021-12-19,Brazil,Delta,0.48179662,0.5287558,0.44096777,0.51115143,0.45273268,0.4980823,0.4659779
2021-12-20,Brazil,Delta,0.48146486,0.5284294,0.43990123,0.51083815,0.45298848,0.49797356,0.4653142
2021-12-21,Brazil,Delta,0.48099166,0.5281646,0.43907169,0.51158535,0.4520638,0.49762982,0.46512777
2021-12-22,Brazil,Delta,0.48076585,0.52832204,0.4384476,0.5120401,0.45209652,0.49813348,0.4646574
2021-12-23,Brazil,Delta,0.4804919,0.52898216,0.43817163,0.51203156,0.45200038,0.4982913,0.46431327
2021-12-24,Brazil,Delta,0.48011795,0.5300034,0.43759692,0.51297283,0.4516496,0.49864802,0.46427685
2021-12-25,Brazil,Delta,0.480194,0.5312891,0.4365334,0.51355755,0.4518963,0.498821,0.46434486
2021-12-26,Brazil,Delta,0.4803633,0.5313878,0.43618527,0.5141042,0.4521737,0.49892476,0.46470115
2021-12-27,Brazil,Delta,0.4807785,0.5318197,0.4358087,0.51501954,0.45225915,0.49919125,0.4645894
2021-12-28,Brazil,Delta,0.48105797,0.5326988,0.4361242,0.5158698,0.45268407,0.49937806,0.46444157
2021-12-29,Brazil,Delta,0.48137206,0.5322722,0.43667436,0.5161751,0.45277843,0.49957776,0.46536267
2021-12-30,Brazil,Delta,0.48184627,0.5330159,0.43725786,0.516751,0.45284617,0.500131,0.46567774
2021-12-31,Brazil,Delta,0.48246416,0.53410304,0.4371487,0.5171634,0.45309296,0.5009184,0.46623474
2022-01-01,Brazil,Delta,0.48283216,0.5350158,0.43675077,0.5172996,0.4531273,0.5018703,0.4665635
2022-01-02,Brazil,Delta,0.4828085,0.53653127,0.4368052,0.51842594,0.45382547,0.50279766,0.46711436
2022-01-03,Brazil,Delta,0.48351955,0.53870356,0.4377944,0.5191188,0.4539275,0.5032477,0.46758026
2022-01-04,Brazil,Delta,0.48459557,0.5408677,0.4376074,0.52000195,0.453838,0.5041278,0.46776688
2022-01-05,Brazil,Delta,0.48560154,0.5422858,0.43704197,0.52168524,0.45366025,0.50516975,0.4678921
2022-01-06,Brazil,Delta,0.48656708,0.5437814,0.43709373,0.5231371,0.45302144,0.5064793,0.46839693
2022-01-07,Brazil,Delta,0.48744786,0.54517525,0.43686807,0.5241007,0.452937,0.5077054,0.4684611
2022-01-08,Brazil,Delta,0.48788908,0.5464995,0.43687415,0.52443445,0.45258996,0.5077476,0.46840936
2022-01-09,Brazil,Delta,0.4886415,0.54774016,0.4373187,0.5256712,0.45270222,0.5084742,0.46885774
2022-01-10,Brazil,Delta,0.48951846,0.548357,0.43776023,0.5266342,0.45322958,0.50918925,0.4696979
2022-01-11,Brazil,Delta,0.48971796,0.54941386,0.43789,0.5277273,0.4530855,0.509846,0.4695889
2022-01-12,Brazil,Delta,0.49069864,0.5507524,0.43830544,0.528645,0.45300028,0.51087713,0.46928963
2022-01-13,Brazil,Delta,0.49095887,0.5518458,0.4376172,0.529407,0.45259196,0.51101464,0.46985877
2022-01-14,Brazil,Delta,0.4913602,0.5525913,0.43727225,0.5298107,0.45208776,0.5113419,0.46999153
2022-01-15,Brazil,Delta,0.49166864,0.5542554,0.43768382,0.53063065,0.45241266,0.5119497,0.4706521
2022-01-16,Brazil,Delta,0.491947,0.5546257,0.4378826,0.531735,0.4526525,0.51260656,0.47100306
2022-01-17,Brazil,Delta,0.492459,0.5559287,0.4380861,0.5331508,0.45278594,0.5129543,0.47098416
2022-01-18,Brazil,Delta,0.4924691,0.55832636,0.43797547,0.5341698,0.45289814,0.51297176,0.4709949
2022-01-19,Brazil,Delta,0.49258143,0.5593729,0.43705136,0.53483605,0.45266142,0.5131569,0.47107637
2022-01-20,Brazil,Delta,0.49256563,0.5601847,0.43648922,0.5353374,0.45235318,0.5135087,0.47165498
2022-01-21,Brazil,Delta,0.49233145,0.5609357,0.43610382,0.53611153,0.45199484,0.51381856,0.4717693
2022-01-22,Brazil,Delta,0.4922119,0.56163305,0.43585604,0.5366489,0.45231682,0.5142774,0.47159567
2022-01-23,Brazil,Delta,0.49317074,0.5622846,0.43554503,0.53711563,0.452005,0.5147431,0.47153682
2022-01-24,Brazil,Delta,0.4932743,0.56253356,0.43528467,0.5374721,0.45240965,0.5157661,0.47109583
2022-01-25,Brazil,Delta,0.49285835,0.56204975,0.4351669,0.53759956,0.4526567,0.5159996,0.4714089
2022-01-26,Brazil,Delta,0.49257368,0.5621025,0.4348908,0.537956,0.45177534,0.5167025,0.47149432
2022-01-27,Brazil,Delta,0.49240497,0.5629884,0.43502128,0.5385203,0.45180798,0.51737463,0.47146237
2022-01-28,Brazil,Delta,0.49217448,0.56456935,0.4353499,0.5389144,0.45187956,0.51754695,0.47098237
2022-01-29,Brazil,Delta,0.49189556,0.5659341,0.4357546,0.5391718,0.45156354,0.51764524,0.47047198
2022-01-30,Brazil,Delta,0.49194598,0.5671127,0.43614388,0.53843474,0.4512515,0.5179778,0.4705178
2022-01-31,Brazil,Delta,0.49251515,0.5667011,0.43548197,0.5391886,0.45061636,0.5177913,0.4704679
2022-02-01,Brazil,Delta,0.4921332,0.56640875,0.43540704,0.54008627,0.45081216,0.5179784,0.47025242
2022-02-02,Brazil,Delta,0.49237052,0.5658667,0.43479154,0.5400117,0.4495692,0.5185016,0.4697576
2022-02-03,Brazil,Delta,0.49231738,0.56551945,0.4342915,0.539757,0.44808388,0.51870483,0.46876848
2022-02-04,Brazil,Delta,0.49193776,0.56539327,0.4325749,0.5412509,0.44736812,0.5188303,0.46792924
2022-02-05,Brazil,Delta,0.4919229,0.5655346,0.43127698,0.5420509,0.44692528,0.51874506,0.46762037
2022-02-06,Brazil,Delta,0.49124175,0.56578714,0.43045282,0.5412177,0.44700623,0.5186299,0.46785176
2022-02-07,Brazil,Delta,0.49156475,0.5660715,0.4295199,0.5412743,0.44680473,0.5195154,0.4672523
2022-02-08,Brazil,Delta,0.49186713,0.5663699,0.42892164,0.5416355,0.44681096,0.519105,0.46676183
2022-02-09,Brazil,Delta,0.4913994,0.56635237,0.42850623,0.54122937,0.4460568,0.5192693,0.46646684
2022-02-10,Brazil,Delta,0.4915441,0.5655854,0.42796755,0.5423087,0.44477296,0.5200888,0.46664965
2022-02-11,Brazil,Delta,0.49127573,0.5655956,0.42838407,0.54247385,0.44410875,0.52060086,0.46625417
2022-02-12,Brazil,Delta,0.4909423,0.5672027,0.42812556,0.5431083,0.4447705,0.520219,0.46609378
2022-02-13,Brazil,Delta,0.4904148,0.5672306,0.42663726,0.54450935,0.44514325,0.51936305,0.46575552
2022-02-14,Brazil,Delta,0.49039608,0.5684989,0.42395827,0.54415333,0.44394016,0.5197239,0.46554038
2022-02-15,Brazil,Delta,0.48918387,0.5693565,0.42109358,0.5446173,0.44364995,0.5202764,0.46502537
2021-11-04,Brazil,Omicron 21K,1.2686124,1.3644536,1.1817492,1.3353955,1.2037904,1.3036177,1.2336717
2021-11-05,Brazil,Omicron 21K,1.268324,1.3640027,1.1817093,1.3354981,1.2050045,1.3036654,1.23353
2021-11-06,Brazil,Omicron 21K,1.2683494,1.3646678,1.1815985,1.3354734,1.2047487,1.3035631,1.2336093
2021-11-07,Brazil,Omicron 21K,1.267971,1.3655249,1.1815557,1.3354445,1.204883,1.3032019,1.2334248
2021-11-08,Brazil,Omicron 21K,1.2678028,1.366514,1.1815369,1.3347447,1.2049555,1.303055,1.2335588
2021-11-09,Brazil,Omicron 21K,1.2677096,1.3673747,1.1815695,1.3346457,1.2048713,1.3029531,1.2333984
2021-11-10,Brazil,Omicron 21K,1.2677934,1.3677367,1.1815352,1.3349502,1.2047436,1.3028185,1.233317
2021-11-11,Brazil,Omicron 21K,1.267889,1.3675627,1.1814909,1.3349533,1.2046909,1.303304,1.2336732
2021-11-12,Brazil,Omicron 21K,1.2676332,1.367379,1.1815615,1.3348291,1.2046462,1.3033221,1.2338659
2021-11-13,Brazil,Omicron 21K,1.2677846,1.3671999,1.181581,1.3346599,1.2048112,1.3034722,1.2339815
2021-11-14,Brazil,Omicron 21K,1.2677984,1.3670388,1.1816145,1.3345089,1.2046422,1.3035796,1.2339473
2021-11-15,Brazil,Omicron 21K,1.2675242,1.3669099,1.1816317,1.3345048,1.2043623,1.3036755,1.2339234
2021-11-16,Brazil,Omicron 21K,1.2674885,1.3668265,1.1814402,1.3349283,1.2044008,1.3037729,1.2340987
2021-11-17,Brazil,Omicron 21K,1.2674423,1.3668044,1.1812363,1.3350067,1.2045723,1.303878,1.2342272
2021-11-18,Brazil,Omicron 21K,1.2673876,1.3668681,1.1810238,1.334709,1.2048248,1.3039166,1.2342644
2021-11-19,Brazil,Omicron 21K,1.2672412,1.3669665,1.1808071,1.3345228,1.2045171,1.304103,1.2342867
2021-11-20,Brazil,Omicron 21K,1.2668796,1.3670933,1.1805706,1.3346206,1.2042158,1.3041339,1.2342937
2021-11-21,Brazil,Omicron 21K,1.2668537,1.3672432,1.1803328,1.3347453,1.204377,1.3041207,1.2342856
2021-11-22,Brazil,Omicron 21K,1.2668631,1.36741,1.1801043,1.334895,1.2041556,1.3038821,1.2342619
2021-11-23,Brazil,Omicron 21K,1.2668934,1.367588,1.179972,1.3348162,1.2039526,1.3035284,1.2342225
2021-11-24,Brazil,Omicron 21K,1.2670879,1.3677717,1.1798714,1.3346531,1.2037505,1.3034382,1.2342196
2021-11-25,Brazil,Omicron 21K,1.267458,1.3679551,1.1797228,1.3344758,1.2036581,1.3034043,1.2341951
2021-11-26,Brazil,Omicron 21K,1.2678335,1.3681325,1.1795979,1.3343412,1.2036136,1.3033615,1.2341459
2021-11-27,Brazil,Omicron 21K,1.2680123,1.368298,1.179503,1.3343568,1.2035862,1.303312,1.2339768
2021-11-28,Brazil,Omicron 21K,1.268131,1.3684465,1.1794435,1.3342801,1.2034147,1.3032577,1.2336644
2021-11-29,Brazil,Omicron 21K,1.2682484,1.368576,1.1794167,1.3345991,1.2032118,1.3031998,1.2333852
2021-11-30,Brazil,Omicron 21K,1.2682872,1.3686861,1.1794174,1.3347931,1.203063,1.3033915,1.2331977
2021-12-01,Brazil,Omicron 21K,1.268459,1.3687756,1.17944,1.3342915,1.2029854,1.3036885,1.2331886
2021-12-02,Brazil,Omicron 21K,1.2686919,1.3688438,1.1793233,1.3346791,1.2029465,1.3039981,1.2331952
2021-12-03,Brazil,Omicron 21K,1.2689505,1.3688905,1.1791946,1.3350791,1.2029402,1.3040596,1.2332238
2021-12-04,Brazil,Omicron 21K,1.2690337,1.3689142,1.1791728,1.3351321,1.2029605,1.3042102,1.2331415
2021-12-05,Brazil,Omicron 21K,1.2690344,1.3689147,1.1791859,1.335503,1.2029366,1.3044233,1.2330111
2021-12-06,Brazil,Omicron 21K,1.2690923,1.3688911,1.1791867,1.335648,1.2030265,1.3045764,1.2329109
2021-12-07,Brazil,Omicron 21K,1.2691488,1.3688426,1.1791685,1.3357971,1.2030761,1.3047223,1.2328463
2021-12-08,Brazil,Omicron 21K,1.2690187,1.3687687,1.1791091,1.3359336,1.2031211,1.3050367,1.2327778
2021-12-09,Brazil,Omicron 21K,1.2690452,1.3686683,1.1790199,1.335988,1.2031776,1.3052111,1.2324876
2021-12-10,Brazil,Omicron 21K,1.2688944,1.3685429,1.1789002,1.3361046,1.2032244,1.3053362,1.2327795
2021-12-11,Brazil,Omicron 21K,1.2686818,1.3683972,1.178756,1.3362063,1.2028824,1.3053288,1.2327044
2021-12-12,Brazil,Omicron 21K,1.2686238,1.3682361,1.178593,1.3359622,1.2028822,1.305523,1.2328035
2021-12-13,Brazil,Omicron 21K,1.268637,1.3680643,1.1784179,1.3361979,1.2028787,1.3054914,1.2325101
2021-12-14,Brazil,Omicron 21K,1.2685003,1.3678864,1.1782367,1.3365722,1.2026539,1.3053083,1.2322415
2021-12-15,Brazil,Omicron 21K,1.2684469,1.3677075,1.1780559,1.3364015,1.2024465,1.3051585,1.2320585
2021-12-16,Brazil,Omicron 21K,1.2682931,1.3675325,1.1778815,1.3361487,1.2025058,1.3055949,1.2319323
2021-12-17,Brazil,Omicron 21K,1.2682502,1.3673661,1.1777198,1.3365272,1.2028298,1.3059711,1.2318518
2021-12-18,Brazil,Omicron 21K,1.268225,1.367213,1.1775773,1.3369505,1.2027797,1.3062518,1.2318367
2021-12-19,Brazil,Omicron 21K,1.2682002,1.3670782,1.1774597,1.3370112,1.2027808,1.3060565,1.2318025
2021-12-20,Brazil,Omicron 21K,1.268142,1.3669662,1.1773736,1.3369828,1.2027318,1.3056736,1.2318385
2021-12-21,Brazil,Omicron 21K,1.2680489,1.3668816,1.1773243,1.3368717,1.2026744,1.3059675,1.2317343
2021-12-22,Brazil,Omicron 21K,1.2680459,1.3668219,1.1773088,1.3364519,1.2026114,1.306675,1.2316363
2021-12-23,Brazil,Omicron 21K,1.268048,1.366782,1.1772537,1.3358917,1.2025462,1.3064348,1.2316256
2021-12-24,Brazil,Omicron 21K,1.2680557,1.3667569,1.1770844,1.3361429,1.2023942,1.3061365,1.2316896
2021-12-25,Brazil,Omicron 21K,1.2680681,1.3670714,1.1769271,1.3359008,1.2022178,1.3058121,1.2316287
2021-12-26,Brazil,Omicron 21K,1.2679188,1.3672659,1.1767731,1.3355167,1.2023749,1.3056387,1.2315679
2021-12-27,Brazil,Omicron 21K,1.2676188,1.367475,1.1766146,1.3355123,1.2023342,1.3054907,1.231626
2021-12-28,Brazil,Omicron 21K,1.2675813,1.367698,1.1764661,1.3352858,1.2023109,1.3051388,1.2314434
2021-12-29,Brazil,Omicron 21K,1.267441,1.3679733,1.1763268,1.3347269,1.2023065,1.3048865,1.2313359
2021-12-30,Brazil,Omicron 21K,1.2674491,1.3682685,1.1761963,1.3344709,1.2023246,1.3046913,1.2311201
2021-12-31,Brazil,Omicron 21K,1.2674289,1.3685725,1.176074,1.3345098,1.2023685,1.304427,1.2309316
2022-01-01,Brazil,Omicron 21K,1.267427,1.3688842,1.1759591,1.3342528,1.2024419,1.3044358,1.2307302
2022-01-02,Brazil,Omicron 21K,1.2672843,1.3692018,1.1758512,1.3340225,1.2025461,1.3045906,1.230426
2022-01-03,Brazil,Omicron 21K,1.2671033,1.3693984,1.1757493,1.3338684,1.2023683,1.3047223,1.2300947
2022-01-04,Brazil,Omicron 21K,1.267101,1.3695405,1.1756523,1.3336525,1.2017691,1.3048643,1.2298814
2022-01-05,Brazil,Omicron 21K,1.2668257,1.3698609,1.1755592,1.3334508,1.2017623,1.3050125,1.2295619
2022-01-06,Brazil,Omicron 21K,1.2667805,1.3701363,1.1754689,1.3331927,1.2017581,1.3048089,1.2293135
2022-01-07,Brazil,Omicron 21K,1.2667043,1.3703651,1.175381,1.3329512,1.2017777,1.3042457,1.2292466
2022-01-08,Brazil,Omicron 21K,1.2664664,1.3705456,1.1752937,1.3327442,1.2018671,1.303789,1.2291733
2022-01-09,Brazil,Omicron 21K,1.2663152,1.370676,1.1752064,1.3326312,1.2021486,1.3036306,1.2291563
2022-01-10,Brazil,Omicron 21K,1.2661536,1.3707548,1.1751183,1.3334492,1.2024221,1.3031363,1.2291603
2022-01-11,Brazil,Omicron 21K,1.2660835,1.3707805,1.1750281,1.3337866,1.202681,1.3030026,1.2291628
2022-01-12,Brazil,Omicron 21K,1.2659652,1.3707513,1.1749349,1.3335154,1.2028735,1.3025017,1.2292519
2022-01-13,Brazil,Omicron 21K,1.2657878,1.370666,1.1748376,1.3336301,1.2025859,1.3026023,1.2295489
2022-01-14,Brazil,Omicron 21K,1.2656935,1.3705308,1.1747351,1.3334396,1.202829,1.3027229,1.2294035
2022-01-15,Brazil,Omicron 21K,1.2651502,1.3703556,1.1746256,1.3331168,1.2029338,1.3027487,1.2290739
2022-01-16,Brazil,Omicron 21K,1.2652248,1.3701506,1.1745075,1.3326614,1.202914,1.302651,1.2285938
2022-01-17,Brazil,Omicron 21K,1.2653522,1.369926,1.1743793,1.3326366,1.2029197,1.3027346,1.2279687
2022-01-18,Brazil,Omicron 21K,1.2656012,1.3696964,1.1742395,1.3328104,1.202947,1.3027567,1.228092
2022-01-19,Brazil,Omicron 21K,1.2655194,1.3694804,1.1740865,1.3329189,1.202992,1.3023257,1.2282643
2022-01-20,Brazil,Omicron 21K,1.2653313,1.3692768,1.1739185,1.3330203,1.2030511,1.3027077,1.2284524
2022-01-21,Brazil,Omicron 21K,1.265212,1.3690963,1.1737342,1.3330977,1.2031205,1.3027623,1.2286209
2022-01-22,Brazil,Omicron 21K,1.265223,1.3689489,1.173532,1.333226,1.2032858,1.3027247,1.2285938
2022-01-23,Brazil,Omicron 21K,1.2653586,1.3688455,1.1733105,1.3333213,1.2034135,1.3026837,1.228738
2022-01-24,Brazil,Omicron 21K,1.2652857,1.3687963,1.1730677,1.333379,1.20336,1.3025672,1.2288538
2022-01-25,Brazil,Omicron 21K,1.2652177,1.3688102,1.1728032,1.3333464,1.2033862,1.3024241,1.2288282
2022-01-26,Brazil,Omicron 21K,1.26514,1.3688884,1.1725181,1.3333162,1.2031871,1.3025055,1.2286878
2022-01-27,Brazil,Omicron 21K,1.2650812,1.3691298,1.1722145,1.3333595,1.203096,1.3026149,1.228471
2022-01-28,Brazil,Omicron 21K,1.265017,1.3694752,1.1717699,1.333425,1.20298,1.3027395,1.228418
2022-01-29,Brazil,Omicron 21K,1.2651827,1.3696582,1.1712031,1.3335855,1.2028526,1.3028778,1.2282932
2022-01-30,Brazil,Omicron 21K,1.265091,1.3696051,1.1706179,1.334289,1.202765,1.302992,1.228065
2022-01-31,Brazil,Omicron 21K,1.2649422,1.3697668,1.170017,1.334933,1.2026865,1.3031503,1.2280762
2022-02-01,Brazil,Omicron 21K,1.2649556,1.3702939,1.1694024,1.3354988,1.2027721,1.3030934,1.2279633
2022-02-02,Brazil,Omicron 21K,1.2652993,1.3707557,1.1687766,1.3357216,1.2028127,1.3033372,1.2279944
2022-02-03,Brazil,Omicron 21K,1.2655094,1.3711116,1.1681421,1.3358195,1.2028065,1.3036242,1.2279904
2022-02-04,Brazil,Omicron 21K,1.2654622,1.3711628,1.167501,1.3358884,1.202752,1.3037136,1.2279931
2022-02-05,Brazil,Omicron 21K,1.2655996,1.3708253,1.1673553,1.3357421,1.2026496,1.30409,1.2280056
2022-02-06,Brazil,Omicron 21K,1.2657406,1.3704631,1.1672335,1.3357649,1.2025162,1.3036425,1.2280595
2022-02-07,Brazil,Omicron 21K,1.2658007,1.3700969,1.1670983,1.3361583,1.2023852,1.3035115,1.2281648
2022-02-08,Brazil,Omicron 21K,1.2659417,1.369748,1.1669657,1.3357981,1.2022531,1.3032978,1.2283249
2022-02-09,Brazil,Omicron 21K,1.265538,1.3694375,1.1668518,1.3351914,1.2022082,1.3030639,1.2284548
2022-02-10,Brazil,Omicron 21K,1.2657795,1.3688364,1.1667595,1.3343922,1.2022073,1.3027589,1.2287999
2022-02-11,Brazil,Omicron 21K,1.2655852,1.3678913,1.1666988,1.3346274,1.2023444,1.3022065,1.2290676
2022-02-12,Brazil,Omicron 21K,1.26562,1.3679044,1.1667175,1.3342627,1.2027035,1.3020718,1.2294877
2022-02-13,Brazil,Omicron 21K,1.2659578,1.367912,1.1668341,1.3348218,1.2030677,1.302478,1.2294736
2022-02-14,Brazil,Omicron 21K,1.2659404,1.3667899,1.1670667,1.335382,1.2033007,1.3028916,1.2291548
2022-02-15,Brazil,Omicron 21K,1.2663059,1.3657117,1.1674337,1.3339412,1.2039918,1.3021834,1.2286199
2021-11-04,Brazil,other,0.67441666,0.7561059,0.5961139,0.7263624,0.6205618,0.6981236,0.6443387
2021-11-05,Brazil,other,0.6739703,0.7568539,0.595937,0.7259819,0.62127686,0.69794333,0.6439501
2021-11-06,Brazil,other,0.67333466,0.75625503,0.59580237,0.725678,0.6218518,0.6978179,0.64324975
2021-11-07,Brazil,other,0.6723527,0.7565321,0.59576887,0.7256353,0.62179655,0.69752747,0.64333606
2021-11-08,Brazil,other,0.6725045,0.7569879,0.5958295,0.72562313,0.6220897,0.69693124,0.64383453
2021-11-09,Brazil,other,0.67279255,0.7573002,0.59566414,0.7256185,0.6218863,0.6967703,0.64405143
2021-11-10,Brazil,other,0.67279184,0.75746346,0.59618163,0.7252449,0.6219258,0.6968348,0.643934
2021-11-11,Brazil,other,0.67283964,0.75756025,0.59681296,0.7249263,0.6218862,0.69677025,0.6433618
2021-11-12,Brazil,other,0.6727004,0.7577314,0.5971207,0.7245044,0.62192935,0.6967572,0.6434102
2021-11-13,Brazil,other,0.6728298,0.7579135,0.5973847,0.7240107,0.62198937,0.6970365,0.64360493
2021-11-14,Brazil,other,0.6728469,0.75809044,0.5968575,0.72365594,0.62195,0.69680494,0.643262
2021-11-15,Brazil,other,0.6727061,0.7582089,0.5961021,0.7240151,0.62204957,0.69674146,0.64314693
2021-11-16,Brazil,other,0.67242616,0.7583138,0.5958786,0.7254716,0.6220348,0.6969835,0.64288765
2021-11-17,Brazil,other,0.6722656,0.7579637,0.59591633,0.725341,0.6219825,0.69657135,0.6435675
2021-11-18,Brazil,other,0.672415,0.7573192,0.59590435,0.72467095,0.62189627,0.696244,0.6428621
2021-11-19,Brazil,other,0.67233324,0.7567473,0.5960499,0.72512686,0.6217208,0.6960702,0.6428757
2021-11-20,Brazil,other,0.67208445,0.75630796,0.59657097,0.725106,0.621718,0.6959388,0.6432255
2021-11-21,Brazil,other,0.6720427,0.75620914,0.5972731,0.72501385,0.62262106,0.69617105,0.643984
2021-11-22,Brazil,other,0.67199004,0.7568282,0.59735346,0.7249598,0.6221118,0.6967335,0.6439424
2021-11-23,Brazil,other,0.672184,0.7574091,0.59709346,0.7252514,0.6221465,0.69658035,0.64439416
2021-11-24,Brazil,other,0.6726316,0.75773895,0.59686065,0.7256277,0.62182707,0.69675624,0.644784
2021-11-25,Brazil,other,0.6726152,0.7579769,0.59663236,0.72606206,0.6218478,0.6964704,0.6448064
2021-11-26,Brazil,other,0.6724776,0.7580661,0.5962949,0.72650385,0.6220267,0.6966226,0.6444435
2021-11-27,Brazil,other,0.6724346,0.7579564,0.5959931,0.7268376,0.621976,0.69672453,0.6440979
2021-11-28,Brazil,other,0.6723918,0.7580215,0.59573436,0.72698134,0.62173474,0.69695926,0.6443417
2021-11-29,Brazil,other,0.67218786,0.75809586,0.59551543,0.7265524,0.6214696,0.69734794,0.6444773
2021-11-30,Brazil,other,0.67211413,0.75817615,0.5953287,0.7270173,0.6211889,0.697567,0.6441463
2021-12-01,Brazil,other,0.6722038,0.7582206,0.5945325,0.7269997,0.6205141,0.697607,0.6440628
2021-12-02,Brazil,other,0.6727156,0.7581915,0.59451145,0.7263881,0.61938375,0.6975585,0.6439039
2021-12-03,Brazil,other,0.67271006,0.75823784,0.5944947,0.7262233,0.61912274,0.6977746,0.6439073
2021-12-04,Brazil,other,0.67269945,0.7584902,0.5944753,0.72640544,0.6186181,0.6977209,0.64380753
2021-12-05,Brazil,other,0.67268825,0.7585503,0.59444606,0.7265096,0.6182054,0.69805706,0.64394146
2021-12-06,Brazil,other,0.6725875,0.7585963,0.59439766,0.7267555,0.6180364,0.6983391,0.64421564
2021-12-07,Brazil,other,0.6723274,0.75862503,0.5942496,0.727046,0.61794424,0.6987444,0.6442686
2021-12-08,Brazil,other,0.6720499,0.75863296,0.5935595,0.72721446,0.6175908,0.6989935,0.6443539
2021-12-09,Brazil,other,0.6717646,0.7586169,0.5935678,0.72718745,0.6171426,0.6989393,0.6443811
2021-12-10,Brazil,other,0.6717001,0.75857544,0.59346116,0.7272428,0.6168654,0.69897985,0.6443256
2021-12-11,Brazil,other,0.6717784,0.7585099,0.59317374,0.7272084,0.61724806,0.69909686,0.6440972
2021-12-12,Brazil,other,0.67161465,0.7584219,0.59271574,0.7270783,0.61718816,0.69889474,0.643756
2021-12-13,Brazil,other,0.67168134,0.7583132,0.59166956,0.7266587,0.617264,0.69915575,0.64388674
2021-12-14,Brazil,other,0.67176646,0.75818527,0.59058404,0.72644037,0.61736536,0.69937086,0.64379704
2021-12-15,Brazil,other,0.6720233,0.75803995,0.5900753,0.7265168,0.6179569,0.69933224,0.6434829
2021-12-16,Brazil,other,0.6720573,0.7578788,0.58939654,0.7264658,0.6186972,0.6992014,0.6435271
2021-12-17,Brazil,other,0.67246723,0.7577033,0.5892448,0.7265465,0.6180229,0.6991676,0.64348364
2021-12-18,Brazil,other,0.6724565,0.75752497,0.58909047,0.7266193,0.6181201,0.69917583,0.6434026
2021-12-19,Brazil,other,0.67261136,0.75734097,0.58886284,0.72672576,0.6192404,0.6991214,0.64332557
2021-12-20,Brazil,other,0.6726304,0.7571492,0.58870256,0.72637415,0.6195672,0.69892716,0.64314187
2021-12-21,Brazil,other,0.67251587,0.75695145,0.5886835,0.7261923,0.6196527,0.69881225,0.64301413
2021-12-22,Brazil,other,0.67269385,0.7567512,0.588604,0.7263921,0.6193848,0.6986591,0.642942
2021-12-23,Brazil,other,0.67246944,0.7565521,0.5886551,0.7270962,0.6183921,0.69856733,0.64295655
2021-12-24,Brazil,other,0.6722859,0.7563586,0.5887586,0.7270949,0.6176636,0.69844997,0.6432266
2021-12-25,Brazil,other,0.6720567,0.75617456,0.5889027,0.72734356,0.61743784,0.69831437,0.643455
2021-12-26,Brazil,other,0.672147,0.75600386,0.58907557,0.7269076,0.6170735,0.6984466,0.6436528
2021-12-27,Brazil,other,0.67197263,0.75601625,0.589265,0.7261808,0.6171509,0.6983205,0.6438395
2021-12-28,Brazil,other,0.671819,0.75663805,0.5894585,0.7257484,0.616989,0.69866854,0.6437439
2021-12-29,Brazil,other,0.67169714,0.75709724,0.589476,0.72545433,0.6167012,0.69900537,0.643323
2021-12-30,Brazil,other,0.6716746,0.7574468,0.5888512,0.7258054,0.61679155,0.6990014,0.64300025
2021-12-31,Brazil,other,0.67170346,0.7572696,0.5879859,0.72608995,0.6171225,0.6990533,0.64297223
2022-01-01,Brazil,other,0.67160165,0.7571013,0.5873167,0.72609735,0.6165528,0.69892967,0.6429547
2022-01-02,Brazil,other,0.6714517,0.75694335,0.5868677,0.7266553,0.61634153,0.6988822,0.6429591
2022-01-03,Brazil,other,0.671427,0.75697815,0.58662117,0.72694105,0.6161443,0.69894606,0.64296806
2022-01-04,Brazil,other,0.67137545,0.7575638,0.58655083,0.72712535,0.6159497,0.699153,0.64282155
2022-01-05,Brazil,other,0.67114776,0.7581508,0.5864017,0.72660124,0.61537,0.6990839,0.6427573
2022-01-06,Brazil,other,0.6710501,0.758098,0.58652014,0.7264475,0.6154134,0.69930446,0.6430096
2022-01-07,Brazil,other,0.6711656,0.7581607,0.58670306,0.72677505,0.61434335,0.6994153,0.6425725
2022-01-08,Brazil,other,0.6711215,0.7582788,0.5869489,0.7272515,0.6148886,0.699395,0.64270073
2022-01-09,Brazil,other,0.67092454,0.75867826,0.5872518,0.727456,0.61527926,0.698756,0.64306855
2022-01-10,Brazil,other,0.67087984,0.759938,0.5876058,0.7273842,0.6152055,0.69862723,0.6430327
2022-01-11,Brazil,other,0.6706373,0.75993115,0.58799547,0.7272359,0.6151494,0.6986304,0.64279234
2022-01-12,Brazil,other,0.67054456,0.75992334,0.5880742,0.7270208,0.61493814,0.69938725,0.64256495
2022-01-13,Brazil,other,0.67027646,0.7599106,0.58816504,0.72695905,0.6151858,0.69936013,0.64246285
2022-01-14,Brazil,other,0.67005503,0.7598925,0.5882622,0.7269104,0.6155763,0.69941074,0.6424531
2022-01-15,Brazil,other,0.6700666,0.7598716,0.58834803,0.7269114,0.61600715,0.6993736,0.6425662
2022-01-16,Brazil,other,0.6700895,0.75985,0.5884169,0.7270882,0.61623937,0.69941175,0.64269906
2022-01-17,Brazil,other,0.67013913,0.75983,0.5883121,0.7271604,0.6162881,0.69946903,0.642833
2022-01-18,Brazil,other,0.6703435,0.7598141,0.5881915,0.72899747,0.6164301,0.699406,0.64286923
2022-01-19,Brazil,other,0.6702476,0.75980437,0.58805263,0.7291277,0.6165756,0.69932085,0.64337635
2022-01-20,Brazil,other,0.6701979,0.75980306,0.58789825,0.7292403,0.6165772,0.69909036,0.6434081
2022-01-21,Brazil,other,0.6699266,0.7598127,0.58774245,0.7293286,0.6164453,0.69943017,0.64330614
2022-01-22,Brazil,other,0.6699662,0.7598354,0.58760417,0.7295509,0.61646366,0.6993071,0.6430344
2022-01-23,Brazil,other,0.6700083,0.75987357,0.5870857,0.7298282,0.6165048,0.6997431,0.6433145
2022-01-24,Brazil,other,0.6702213,0.7599294,0.5866885,0.7301353,0.6164764,0.6993805,0.6433044
2022-01-25,Brazil,other,0.67033994,0.7600026,0.5864744,0.73034316,0.6164558,0.69947076,0.6430546
2022-01-26,Brazil,other,0.6705228,0.7600852,0.5862651,0.7296575,0.61643964,0.699541,0.64265203
2022-01-27,Brazil,other,0.6707794,0.7604102,0.5860575,0.72926795,0.61652553,0.6996039,0.64316976
2022-01-28,Brazil,other,0.67105484,0.76045024,0.58566904,0.72911686,0.61668086,0.6996534,0.6432362
2022-01-29,Brazil,other,0.6711942,0.7605016,0.5851805,0.7297251,0.6168414,0.6999623,0.6432444
2022-01-30,Brazil,other,0.67138696,0.7605678,0.58465904,0.73085785,0.61677355,0.7002791,0.6432397
2022-01-31,Brazil,other,0.6716833,0.7606427,0.5841073,0.7320466,0.6166981,0.7007406,0.64323086
2022-02-01,Brazil,other,0.6717483,0.7607231,0.5835281,0.7329777,0.6166701,0.702129,0.64321744
2022-02-02,Brazil,other,0.67212325,0.7608068,0.58292437,0.7330222,0.6166628,0.7023161,0.6432215
2022-02-03,Brazil,other,0.672405,0.7610929,0.5822989,0.73299026,0.6166321,0.70207906,0.64306307
2022-02-04,Brazil,other,0.67258716,0.7615983,0.58179045,0.73365337,0.61679244,0.702445,0.6434692
2022-02-05,Brazil,other,0.67259175,0.76202977,0.5816395,0.734336,0.61650884,0.70205337,0.6432568
2022-02-06,Brazil,other,0.67249167,0.76289237,0.58151543,0.7349109,0.61671984,0.70228416,0.6433994
2022-02-07,Brazil,other,0.67275006,0.7640189,0.5814159,0.7349065,0.6165163,0.70216084,0.64363194
2022-02-08,Brazil,other,0.6727617,0.76492435,0.5810138,0.73449576,0.6162792,0.7027801,0.643826
2022-02-09,Brazil,other,0.6722863,0.76504433,0.58026254,0.73420084,0.6162269,0.70267344,0.64406633
2022-02-10,Brazil,other,0.6720917,0.765247,0.5794772,0.7347534,0.61689013,0.702567,0.64422095
2022-02-11,Brazil,other,0.67220324,0.76600087,0.57863086,0.7347945,0.61680806,0.7026838,0.64403653
2022-02-12,Brazil,other,0.6720651,0.7662668,0.57764274,0.7350542,0.6162863,0.7030672,0.64405096
2022-02-13,Brazil,other,0.6725139,0.7657399,0.57781386,0.73559785,0.6159474,0.70273566,0.6432002
2022-02-14,Brazil,other,0.67185813,0.7654892,0.57708246,0.73609906,0.61601335,0.70331293,0.64284086
2022-02-15,Brazil,other,0.6713716,0.7654402,0.57566965,0.7353521,0.6162915,0.7033191,0.6428244
