date	location	variant	median_freq_nowcast	freq_upper_95	freq_lower_95	freq_upper_80	freq_lower_80	freq_upper_50	freq_lower_50	median_freq_forecast	freq_forecast_upper_95	freq_forecast_lower_95	freq_forecast_upper_80	freq_forecast_lower_80	freq_forecast_upper_50	freq_forecast_lower_50
2022-05-17	Australia	Omicron 21K	0.004819126	0.0064873863	0.003580344	0.005833836	0.003968197	0.005289323	0.004361898							
2022-05-18	Australia	Omicron 21K	0.004536338	0.0061669215	0.0033579194	0.005522164	0.00372501	0.004996629	0.004096891							
2022-05-19	Australia	Omicron 21K	0.004273369	0.0058593703	0.0031434156	0.0052210116	0.003495432	0.0047223223	0.003845189							
2022-05-20	Australia	Omicron 21K	0.0040227305	0.0055600265	0.0029348186	0.00493631	0.0032690922	0.0044591725	0.0036087395							
2022-05-21	Australia	Omicron 21K	0.0037820032	0.0052669193	0.002738933	0.0046779527	0.0030558857	0.0042073997	0.003378443							
2022-05-22	Australia	Omicron 21K	0.0035462612	0.005000787	0.0025549375	0.004419777	0.0028532115	0.003965145	0.0031617044							
2022-05-23	Australia	Omicron 21K	0.003332872	0.0047401227	0.0023868303	0.0041739205	0.0026712082	0.0037418501	0.0029682934							
2022-05-24	Australia	Omicron 21K	0.0031320695	0.0044889287	0.002229779	0.0039375755	0.0025004707	0.0035241179	0.002776925							
2022-05-25	Australia	Omicron 21K	0.0029376862	0.0042489823	0.0020818338	0.0037131035	0.0023318757	0.0033135377	0.0025985842							
2022-05-26	Australia	Omicron 21K	0.0027496545	0.004021051	0.0019423843	0.0035069275	0.002173884	0.0031126516	0.0024305577							
2022-05-27	Australia	Omicron 21K	0.0025750075	0.0038128786	0.0018089579	0.0033154497	0.002022748	0.0029197312	0.0022709696							
2022-05-28	Australia	Omicron 21K	0.0024123	0.0036141183	0.0016775335	0.0031257824	0.0018860335	0.002738785	0.0021224518							
2022-05-29	Australia	Omicron 21K	0.0022579147	0.0034255586	0.0015544002	0.0029369576	0.0017544897	0.0025719225	0.0019768886							
2022-05-30	Australia	Omicron 21K	0.002115617	0.0032300688	0.0014408815	0.0027540494	0.0016287959	0.002412876	0.0018394047							
2022-05-31	Australia	Omicron 21K	0.0019776393	0.003042743	0.0013366453	0.0025913846	0.0015114138	0.0022624522	0.0017127666							
2022-06-01	Australia	Omicron 21K	0.0018437637	0.002863001	0.0012387836	0.0024392365	0.0014012272	0.0021142527	0.0015929141							
2022-06-02	Australia	Omicron 21K	0.001715829	0.0026933285	0.0011469151	0.002285963	0.0012976573	0.0019731836	0.0014794054							
2022-06-03	Australia	Omicron 21K	0.0015944568	0.0025303564	0.0010592618	0.0021409572	0.0012003111	0.0018382859	0.0013757675							
2022-06-04	Australia	Omicron 21K	0.0014835857	0.002373876	0.00097256375	0.0020066586	0.0011062676	0.001713517	0.0012743471							
2022-06-05	Australia	Omicron 21K	0.0013769696	0.0022237133	0.00089146633	0.001876115	0.0010184516	0.0015976478	0.0011776312							
2022-06-06	Australia	Omicron 21K	0.0012765097	0.0020799893	0.00081570836	0.0017465774	0.0009399584	0.0014888367	0.0010862382							
2022-06-07	Australia	Omicron 21K	0.0011801891	0.0019421005	0.0007450196	0.0016261035	0.00086586387	0.0013833157	0.0010000619							
2022-06-08	Australia	Omicron 21K	0.0010874253	0.001814058	0.0006791461	0.0015054985	0.0007930925	0.0012816193	0.0009185346							
2022-06-09	Australia	Omicron 21K	0.0010023616	0.0016934208	0.0006178661	0.001396131	0.0007265001	0.0011874796	0.0008432908							
2022-06-10	Australia	Omicron 21K	0.00092183123	0.0015722772	0.00056191476	0.0012934753	0.0006682085	0.0010955911	0.00077338703							
2022-06-11	Australia	Omicron 21K	0.0008447837	0.0014515349	0.0005108712	0.0011974185	0.00061181374	0.0010105241	0.0007067517							
2022-06-12	Australia	Omicron 21K	0.0007728391	0.0013428815	0.00046350248	0.0011061403	0.0005558905	0.0009269401	0.00064444507							
2022-06-13	Australia	Omicron 21K	0.00070435693	0.0012409387	0.0004205985	0.0010189536	0.0005028103	0.00084965694	0.0005847205							
2022-06-14	Australia	Omicron 21K	0.00064170087	0.0011439433	0.00038086745	0.00093657564	0.00045671256	0.0007771536	0.000531457							
2022-06-15	Australia	Omicron 21K	0.00058339315	0.0010520143	0.00034414307	0.00085829	0.0004143243	0.00070856285	0.00048116207							
2022-06-16	Australia	Omicron 21K	0.000529613	0.0009651039	0.00031026744	0.0007866769	0.00037303203	0.0006478376	0.0004349871							
2022-06-17	Australia	Omicron 21K	0.000480048	0.0008819435	0.00027908914	0.0007186154	0.00033451914	0.00058791984	0.0003925745							
2022-06-18	Australia	Omicron 21K	0.00043433154	0.00080342084	0.00024923938	0.0006548686	0.0002997888	0.000534616	0.0003520145							
2022-06-19	Australia	Omicron 21K	0.0003915871	0.0007299786	0.00022313837	0.0005959601	0.00026823158	0.0004834839	0.00031685288							
2022-06-20	Australia	Omicron 21K	0.00035215387	0.00066150643	0.00019958656	0.00053969986	0.00023847647	0.0004346404	0.00028317375							
2022-06-21	Australia	Omicron 21K	0.00031607453	0.00059788005	0.0001780763	0.0004865734	0.00021273732	0.0003904507	0.00025283895							
2022-06-22	Australia	Omicron 21K	0.0002829563	0.0005389587	0.00015812996	0.00043729265	0.00018937505	0.00035198373	0.00022632521							
2022-06-23	Australia	Omicron 21K	0.0002529542	0.00048458518	0.00014000433	0.00039354878	0.00016820106	0.00031485088	0.00020132468							
2022-06-24	Australia	Omicron 21K	0.00022497277	0.00043458596	0.00012365036	0.0003527017	0.00014891181	0.00028163544	0.00017880705							
2022-06-25	Australia	Omicron 21K	0.0002004574	0.0003890841	0.00010890633	0.00031633704	0.00013086802	0.00025084667	0.00015852583							
2022-06-26	Australia	Omicron 21K	0.00017757202	0.0003479451	9.551928e-05	0.00028265535	0.00011470419	0.00022290528	0.00013996311							
2022-06-27	Australia	Omicron 21K	0.00015692807	0.00031089407	8.357887e-05	0.00025179383	0.000100844605	0.00019776203	0.00012265876							
2022-06-28	Australia	Omicron 21K	0.00013864707	0.0002792233	7.295687e-05	0.00022456789	8.8476474e-05	0.0001749023	0.000108053784							
2022-06-29	Australia	Omicron 21K	0.00012210455	0.00025032932	6.354085e-05	0.00019996302	7.736742e-05	0.00015448872	9.5182906e-05							
2022-06-30	Australia	Omicron 21K	0.000107157626	0.00022330647	5.5221084e-05	0.00017698816	6.7465844e-05	0.000136112	8.355041e-05							
2022-07-01	Australia	Omicron 21K	9.374845e-05	0.00019753327	4.7674934e-05	0.00015689182	5.8811012e-05	0.00011998958	7.322569e-05							
2022-07-02	Australia	Omicron 21K	8.206714e-05	0.00017441536	4.1031446e-05	0.00013926989	5.094643e-05	0.00010542671	6.36699e-05							
2022-07-03	Australia	Omicron 21K	7.169726e-05	0.00015374029	3.530505e-05	0.00012326831	4.403609e-05	9.228849e-05	5.543358e-05							
2022-07-04	Australia	Omicron 21K	6.260548e-05	0.00013502517	3.054516e-05	0.00010880927	3.7969152e-05	8.076551e-05	4.818871e-05							
2022-07-05	Australia	Omicron 21K	5.4653727e-05	0.00011826427	2.6344751e-05	9.560208e-05	3.2873286e-05	7.0422204e-05	4.18497e-05							
2022-07-06	Australia	Omicron 21K	4.7588997e-05	0.000103456245	2.2663156e-05	8.333262e-05	2.8299139e-05	6.1367115e-05	3.629143e-05							
2022-07-07	Australia	Omicron 21K	4.1410745e-05	9.0668065e-05	1.9478797e-05	7.3052346e-05	2.426329e-05	5.3493488e-05	3.140945e-05							
2022-07-08	Australia	Omicron 21K	3.590873e-05	7.939418e-05	1.6757414e-05	6.393308e-05	2.085247e-05	4.675879e-05	2.7171061e-05							
2022-07-09	Australia	Omicron 21K	3.110557e-05	6.954416e-05	1.4396141e-05	5.588478e-05	1.7882085e-05	4.0601786e-05	2.3427234e-05							
2022-07-10	Australia	Omicron 21K	2.6854135e-05	6.0934843e-05	1.2349562e-05	4.8821883e-05	1.5272843e-05	3.5199453e-05	2.0084706e-05							
2022-07-11	Australia	Omicron 21K	2.3243803e-05	5.338317e-05	1.0529284e-05	4.261243e-05	1.30507615e-05	3.0472329e-05	1.7290673e-05							
2022-07-12	Australia	Omicron 21K	2.0075098e-05	4.670031e-05	8.964336e-06	3.714976e-05	1.1175389e-05	2.6430444e-05	1.4908479e-05							
2022-07-13	Australia	Omicron 21K	1.7323688e-05	4.0794534e-05	7.6233737e-06	3.2356762e-05	9.538855e-06	2.2847165e-05	1.2811408e-05							
2022-07-14	Australia	Omicron 21K	1.485023e-05	3.5260833e-05	6.476207e-06	2.8155648e-05	8.130738e-06	1.9799665e-05	1.10147685e-05							
2022-07-15	Australia	Omicron 21K	1.2781719e-05	3.0856805e-05	5.496351e-06	2.4476756e-05	6.9529115e-06	1.7092563e-05	9.452618e-06							
2022-05-17	Australia	Omicron 22A	0.020889845	0.023525996	0.018428653	0.022609323	0.019365888	0.021744497	0.020119773							
2022-05-18	Australia	Omicron 22A	0.022506401	0.025281861	0.0198901	0.024293816	0.020872604	0.023385206	0.021684702							
2022-05-19	Australia	Omicron 22A	0.024205375	0.027115457	0.021472398	0.026076851	0.022483429	0.025124263	0.02335339							
2022-05-20	Australia	Omicron 22A	0.026029054	0.029064994	0.02314484	0.02799687	0.024220534	0.02696918	0.02514372							
2022-05-21	Australia	Omicron 22A	0.027971655	0.031118866	0.02492987	0.03007281	0.026063407	0.028912293	0.027063329							
2022-05-22	Australia	Omicron 22A	0.030027699	0.03330478	0.026882647	0.03228181	0.028027134	0.03105364	0.02908179							
2022-05-23	Australia	Omicron 22A	0.03221213	0.035625584	0.028985903	0.034608226	0.030092	0.03334269	0.03124715							
2022-05-24	Australia	Omicron 22A	0.03455869	0.03812988	0.031133715	0.037113488	0.032321837	0.035714917	0.033510365							
2022-05-25	Australia	Omicron 22A	0.037037987	0.04075916	0.03344033	0.039643563	0.034648534	0.03828493	0.035890967							
2022-05-26	Australia	Omicron 22A	0.039673977	0.04365285	0.03579983	0.042379417	0.037139058	0.041026022	0.038452204							
2022-05-27	Australia	Omicron 22A	0.04250995	0.04665461	0.03843999	0.04524502	0.0398157	0.04393719	0.041168503							
2022-05-28	Australia	Omicron 22A	0.045414	0.04981944	0.041181374	0.048307844	0.042592295	0.046917096	0.044016592							
2022-05-29	Australia	Omicron 22A	0.048485227	0.053166278	0.044011958	0.051569734	0.045577675	0.05011295	0.047063038							
2022-05-30	Australia	Omicron 22A	0.0517498	0.056700036	0.04699103	0.055025883	0.048703715	0.053468797	0.050279405							
2022-05-31	Australia	Omicron 22A	0.055199433	0.060442768	0.050117932	0.058566086	0.05198473	0.057026304	0.053627755							
2022-06-01	Australia	Omicron 22A	0.05881498	0.06421596	0.053407896	0.062384926	0.05530538	0.0607412	0.057132468							
2022-06-02	Australia	Omicron 22A	0.06252837	0.068158075	0.056789003	0.06631961	0.05876828	0.0645594	0.060723487							
2022-06-03	Australia	Omicron 22A	0.06634557	0.07241499	0.060307134	0.07045991	0.062427863	0.06857358	0.06446842							
2022-06-04	Australia	Omicron 22A	0.07039572	0.076868445	0.06387959	0.07465291	0.066161186	0.07271528	0.068357006							
2022-06-05	Australia	Omicron 22A	0.07456221	0.0815203	0.06769263	0.0790766	0.06997319	0.0769979	0.07240952							
2022-06-06	Australia	Omicron 22A	0.07873936	0.086086005	0.07176202	0.08369837	0.0739871	0.081332095	0.07647614							
2022-06-07	Australia	Omicron 22A	0.08307122	0.090836406	0.07593079	0.08837231	0.078005515	0.085761815	0.0806524							
2022-06-08	Australia	Omicron 22A	0.08764745	0.095803544	0.079927154	0.09328716	0.08208408	0.09038308	0.084885925							
2022-06-09	Australia	Omicron 22A	0.09223688	0.1007766	0.084076345	0.098153554	0.086346544	0.09515326	0.08940258							
2022-06-10	Australia	Omicron 22A	0.096874446	0.105827525	0.0880447	0.10328269	0.09050809	0.10000025	0.09380855							
2022-06-11	Australia	Omicron 22A	0.1015757	0.1110708	0.09202144	0.10830276	0.09489572	0.1048357	0.098331064							
2022-06-12	Australia	Omicron 22A	0.106379166	0.11653389	0.09595279	0.11325819	0.099148415	0.10974116	0.10278788							
2022-06-13	Australia	Omicron 22A	0.11103289	0.121957295	0.0999959	0.118327886	0.103233695	0.114577636	0.10714388							
2022-06-14	Australia	Omicron 22A	0.1155584	0.1272353	0.10408969	0.123284	0.1074895	0.119397506	0.11136468							
2022-06-15	Australia	Omicron 22A	0.11995113	0.13218868	0.10788617	0.1280986	0.11163169	0.12402169	0.115402386							
2022-06-16	Australia	Omicron 22A	0.12423521	0.13719541	0.11145614	0.13298805	0.11531549	0.12855563	0.119403705							
2022-06-17	Australia	Omicron 22A	0.12831432	0.14193076	0.114831015	0.1377065	0.118940786	0.1330427	0.12335851							
2022-06-18	Australia	Omicron 22A	0.13227426	0.14674751	0.11804278	0.14217097	0.12254241	0.13733514	0.1270443							
2022-06-19	Australia	Omicron 22A	0.13598418	0.15128414	0.12106773	0.14647058	0.1259681	0.14135137	0.13051859							
2022-06-20	Australia	Omicron 22A	0.13943544	0.1556251	0.123883456	0.15047412	0.12899272	0.14521445	0.1337547							
2022-06-21	Australia	Omicron 22A	0.14242956	0.15977933	0.12646924	0.1541458	0.13154471	0.1488284	0.1369092							
2022-06-22	Australia	Omicron 22A	0.1454748	0.16370693	0.12870577	0.15751354	0.13407452	0.15218647	0.13964662							
2022-06-23	Australia	Omicron 22A	0.14815441	0.16735733	0.13041791	0.16065775	0.13634796	0.1551399	0.14224765							
2022-06-24	Australia	Omicron 22A	0.1506057	0.17064966	0.13180245	0.16350909	0.13821259	0.15778181	0.14463711							
2022-06-25	Australia	Omicron 22A	0.15258557	0.173505	0.13310772	0.16598609	0.13988988	0.16003874	0.14624617							
2022-06-26	Australia	Omicron 22A	0.15413854	0.17593619	0.13394675	0.16815576	0.14111494	0.16191186	0.1478204							
2022-06-27	Australia	Omicron 22A	0.15531877	0.1778895	0.13454293	0.17028672	0.14210227	0.16358772	0.14904694							
2022-06-28	Australia	Omicron 22A	0.15645005	0.17961639	0.13464838	0.17183013	0.14271185	0.16482586	0.1496877							
2022-06-29	Australia	Omicron 22A	0.15711638	0.18133506	0.13432875	0.17300603	0.14272957	0.16578422	0.1501337							
2022-06-30	Australia	Omicron 22A	0.15717247	0.18273996	0.13401023	0.17414153	0.14266026	0.16648725	0.15012184							
2022-07-01	Australia	Omicron 22A	0.15702066	0.18353647	0.13346687	0.17482843	0.14237916	0.1666851	0.15021676							
2022-07-02	Australia	Omicron 22A	0.15682411	0.18396324	0.13251513	0.17501993	0.14172742	0.1666862	0.14973053							
2022-07-03	Australia	Omicron 22A	0.15621462	0.18402028	0.13115749	0.17472221	0.14065607	0.16610101	0.14903775							
2022-07-04	Australia	Omicron 22A	0.15542191	0.18361045	0.12950794	0.17465892	0.13902412	0.16559133	0.14803632							
2022-07-05	Australia	Omicron 22A	0.15418884	0.18318465	0.12765728	0.17400274	0.13722377	0.16486022	0.14677764							
2022-07-06	Australia	Omicron 22A	0.15284899	0.18255398	0.12548046	0.17314069	0.13559963	0.16365418	0.14524469							
2022-07-07	Australia	Omicron 22A	0.15124403	0.181578	0.12352012	0.17193566	0.13377927	0.16210218	0.14350319							
2022-07-08	Australia	Omicron 22A	0.1496275	0.18053395	0.12127044	0.17045803	0.13175862	0.16038579	0.14169732							
2022-07-09	Australia	Omicron 22A	0.14795956	0.17923182	0.11900895	0.16871881	0.12958463	0.15886	0.13951167							
2022-07-10	Australia	Omicron 22A	0.14596684	0.17744339	0.11664167	0.16681232	0.12703423	0.15710193	0.13714738							
2022-07-11	Australia	Omicron 22A	0.14385259	0.17580032	0.11418162	0.16494243	0.12427396	0.15507539	0.1347397							
2022-07-12	Australia	Omicron 22A	0.14166674	0.17410725	0.11164144	0.16306789	0.122049734	0.15274847	0.13224953							
2022-07-13	Australia	Omicron 22A	0.13930824	0.17236015	0.109176815	0.16108045	0.119584225	0.15012673	0.12961519							
2022-07-14	Australia	Omicron 22A	0.13681011	0.17048255	0.1066895	0.15863039	0.116936594	0.14734755	0.12698542							
2022-07-15	Australia	Omicron 22A	0.13427368	0.16839314	0.104167	0.15617432	0.11423541	0.14488906	0.12436172							
2022-05-17	Australia	Omicron 22B	0.017795268	0.020303696	0.01565652	0.019369325	0.016335404	0.018524501	0.01700013							
2022-05-18	Australia	Omicron 22B	0.019773988	0.02246758	0.017469455	0.021464625	0.018228883	0.020578347	0.018930802							
2022-05-19	Australia	Omicron 22B	0.021989446	0.02485064	0.019502934	0.023780698	0.020311356	0.022841124	0.021087125							
2022-05-20	Australia	Omicron 22B	0.024442982	0.027498156	0.021761797	0.026349654	0.02261956	0.025347138	0.023465782							
2022-05-21	Australia	Omicron 22B	0.027113952	0.030452216	0.024268828	0.029186713	0.025158769	0.028105956	0.026076473							
2022-05-22	Australia	Omicron 22B	0.030065775	0.033699922	0.027048672	0.032292902	0.027968444	0.03113542	0.02894792							
2022-05-23	Australia	Omicron 22B	0.033334058	0.037256204	0.030127086	0.03570277	0.031118287	0.03450448	0.03210203							
2022-05-24	Australia	Omicron 22B	0.036947183	0.041222893	0.033524655	0.03944643	0.034566823	0.038198933	0.035600588							
2022-05-25	Australia	Omicron 22B	0.040913865	0.04561966	0.03719613	0.043662313	0.038392056	0.042273484	0.039477475							
2022-05-26	Australia	Omicron 22B	0.045213383	0.05039531	0.041246973	0.048156653	0.04259287	0.046753306	0.043693088							
2022-05-27	Australia	Omicron 22B	0.049937565	0.055554938	0.045751743	0.053189926	0.047203917	0.051650006	0.048315							
2022-05-28	Australia	Omicron 22B	0.055159744	0.06121619	0.050552778	0.05857382	0.052320994	0.057007555	0.05341752							
2022-05-29	Australia	Omicron 22B	0.060900897	0.06745222	0.055853236	0.06440612	0.05779058	0.06283874	0.058954217							
2022-05-30	Australia	Omicron 22B	0.067107975	0.074228	0.06168078	0.070947774	0.063730344	0.069177136	0.065052986							
2022-05-31	Australia	Omicron 22B	0.07393727	0.08155069	0.068163544	0.07805373	0.07034243	0.07613338	0.07168558							
2022-06-01	Australia	Omicron 22B	0.08123732	0.089486085	0.075257	0.0858283	0.077342585	0.083664194	0.07890092							
2022-06-02	Australia	Omicron 22B	0.08925994	0.09820421	0.08281753	0.094109915	0.08505913	0.091811985	0.08675805							
2022-06-03	Australia	Omicron 22B	0.097876444	0.10751733	0.091047674	0.1029303	0.093393184	0.10057713	0.095233545							
2022-06-04	Australia	Omicron 22B	0.1072806	0.11759488	0.10001157	0.11269285	0.1023235	0.11017848	0.10448409							
2022-06-05	Australia	Omicron 22B	0.11729574	0.12844826	0.1096319	0.12296644	0.11200577	0.120456725	0.11439991							
2022-06-06	Australia	Omicron 22B	0.12816015	0.14002481	0.11965896	0.13425569	0.12246983	0.13145143	0.12499104							
2022-06-07	Australia	Omicron 22B	0.13970023	0.15231033	0.13039133	0.14631405	0.1335357	0.14329265	0.13632457							
2022-06-08	Australia	Omicron 22B	0.15209416	0.1653378	0.1420722	0.15921834	0.14538158	0.15588072	0.148445							
2022-06-09	Australia	Omicron 22B	0.16539611	0.17906404	0.15463878	0.17304668	0.15819453	0.16926146	0.16133451							
2022-06-10	Australia	Omicron 22B	0.17933631	0.19391218	0.16775888	0.18778218	0.17145011	0.18334031	0.17515531							
2022-06-11	Australia	Omicron 22B	0.19424741	0.20977876	0.18155771	0.20328496	0.18557225	0.19823475	0.18962203							
2022-06-12	Australia	Omicron 22B	0.2098457	0.22663698	0.19589603	0.21968105	0.20035781	0.21401007	0.20493014							
2022-06-13	Australia	Omicron 22B	0.2260708	0.24486166	0.21128815	0.23695126	0.21593101	0.23055694	0.22072838							
2022-06-14	Australia	Omicron 22B	0.24327013	0.26390788	0.22714768	0.2549061	0.23227711	0.24798256	0.23754567							
2022-06-15	Australia	Omicron 22B	0.2610302	0.28313366	0.24351719	0.27355367	0.24942413	0.26603165	0.255029							
2022-06-16	Australia	Omicron 22B	0.27939796	0.30272293	0.26077685	0.29271165	0.26670003	0.2846933	0.2730355							
2022-06-17	Australia	Omicron 22B	0.2983212	0.32312897	0.27853686	0.31217143	0.2849141	0.30398068	0.2916349							
2022-06-18	Australia	Omicron 22B	0.3177095	0.34405655	0.29674953	0.33239073	0.30362204	0.324159	0.31059778							
2022-06-19	Australia	Omicron 22B	0.33763242	0.36600754	0.31533203	0.35317954	0.32263884	0.3445017	0.33011952							
2022-06-20	Australia	Omicron 22B	0.35772303	0.38831162	0.33403945	0.37412694	0.34217995	0.3651024	0.3499141							
2022-06-21	Australia	Omicron 22B	0.37817088	0.4105894	0.35332227	0.39543584	0.36187044	0.38588002	0.36976615							
2022-06-22	Australia	Omicron 22B	0.3989396	0.43250293	0.37299132	0.41719797	0.38191256	0.4069132	0.39013445							
2022-06-23	Australia	Omicron 22B	0.41977614	0.45426962	0.3925406	0.43876633	0.40212297	0.4282847	0.41054857							
2022-06-24	Australia	Omicron 22B	0.44037127	0.47683918	0.41175643	0.4600144	0.42200127	0.44960976	0.43067425							
2022-06-25	Australia	Omicron 22B	0.461026	0.49886578	0.43154436	0.48143923	0.44212452	0.4707115	0.45109254							
2022-06-26	Australia	Omicron 22B	0.4814765	0.520528	0.45090842	0.5026258	0.46219903	0.49150032	0.47107813							
2022-06-27	Australia	Omicron 22B	0.50168514	0.5418252	0.47010356	0.5234675	0.48174855	0.51223063	0.49070972							
2022-06-28	Australia	Omicron 22B	0.52175856	0.5626436	0.48867923	0.54378086	0.50090915	0.5327848	0.51037437							
2022-06-29	Australia	Omicron 22B	0.5410304	0.582627	0.5067029	0.56343234	0.51952106	0.5525653	0.5297475							
2022-06-30	Australia	Omicron 22B	0.560192	0.6023598	0.52496696	0.58333826	0.53768545	0.57183516	0.5484388							
2022-07-01	Australia	Omicron 22B	0.57866573	0.62149096	0.5427494	0.60237175	0.5554586	0.59049547	0.5669235							
2022-07-02	Australia	Omicron 22B	0.596556	0.6399793	0.560037	0.6211465	0.57298213	0.60884523	0.5848961							
2022-07-03	Australia	Omicron 22B	0.6140524	0.65780807	0.5769387	0.6388404	0.5900332	0.6266046	0.6020293							
2022-07-04	Australia	Omicron 22B	0.6312218	0.6749482	0.5932348	0.6556432	0.60711026	0.6436263	0.6183203							
2022-07-05	Australia	Omicron 22B	0.6472305	0.6913066	0.6088644	0.671762	0.62347335	0.6598757	0.63453186							
2022-07-06	Australia	Omicron 22B	0.6630407	0.70671225	0.6239422	0.6871011	0.6383044	0.67552155	0.6500503							
2022-07-07	Australia	Omicron 22B	0.67796636	0.7217693	0.6379659	0.7023608	0.652539	0.6904743	0.6652465							
2022-07-08	Australia	Omicron 22B	0.6923646	0.7360394	0.6516794	0.71674347	0.66691446	0.70495015	0.6799176							
2022-07-09	Australia	Omicron 22B	0.70589805	0.7493717	0.6648725	0.7301843	0.6804761	0.7187828	0.6934194							
2022-07-10	Australia	Omicron 22B	0.71899545	0.76223636	0.6774856	0.7432717	0.69344425	0.7318448	0.70616245							
2022-07-11	Australia	Omicron 22B	0.7312176	0.77467376	0.68952507	0.75594926	0.7059207	0.7444685	0.7182572							
2022-07-12	Australia	Omicron 22B	0.74322593	0.7864449	0.70081997	0.7680057	0.71740806	0.7559718	0.73023987							
2022-07-13	Australia	Omicron 22B	0.7546158	0.79755336	0.711458	0.77919245	0.72845477	0.76732826	0.741318							
2022-07-14	Australia	Omicron 22B	0.7654327	0.80786854	0.72193795	0.78970206	0.73918396	0.7780999	0.75209916							
2022-07-15	Australia	Omicron 22B	0.77552974	0.81744885	0.732342	0.7994914	0.7495801	0.78811884	0.76225734							
2022-05-17	Australia	Omicron 22C	0.016644418	0.019633975	0.014174137	0.018521778	0.015080327	0.017712537	0.015913816							
2022-05-18	Australia	Omicron 22C	0.017485484	0.02056674	0.014868317	0.019459749	0.015850127	0.01857777	0.01669465							
2022-05-19	Australia	Omicron 22C	0.01833576	0.021547198	0.0155879045	0.020398954	0.016664054	0.019445749	0.017550115							
2022-05-20	Australia	Omicron 22C	0.019219758	0.022566356	0.01634836	0.02133476	0.017494489	0.02033581	0.01841135							
2022-05-21	Australia	Omicron 22C	0.020153746	0.023621656	0.017190866	0.022341557	0.018361583	0.021270776	0.019314438							
2022-05-22	Australia	Omicron 22C	0.021104837	0.024758976	0.018042099	0.023362817	0.019246396	0.022256397	0.020247083							
2022-05-23	Australia	Omicron 22C	0.022102423	0.025913998	0.018913722	0.024433171	0.02015093	0.023270557	0.021203006							
2022-05-24	Australia	Omicron 22C	0.023155201	0.027105909	0.019813929	0.025528934	0.021099865	0.02434827	0.022175979							
2022-05-25	Australia	Omicron 22C	0.024224095	0.028415522	0.020734739	0.026669	0.022073152	0.025438597	0.023164287							
2022-05-26	Australia	Omicron 22C	0.025341034	0.02978324	0.021668132	0.02782925	0.023051899	0.026533214	0.024209902							
2022-05-27	Australia	Omicron 22C	0.026458379	0.031128101	0.022657555	0.028962024	0.024055425	0.0277085	0.025253188							
2022-05-28	Australia	Omicron 22C	0.027570078	0.03250112	0.023671765	0.030193495	0.025113627	0.028932318	0.026332915							
2022-05-29	Australia	Omicron 22C	0.028745504	0.033857867	0.024672322	0.031498574	0.026152264	0.030179756	0.027455702							
2022-05-30	Australia	Omicron 22C	0.029867768	0.035256125	0.02563021	0.03279825	0.027236572	0.031459976	0.028555453							
2022-05-31	Australia	Omicron 22C	0.031027434	0.036706977	0.026666492	0.034135934	0.028278312	0.03265452	0.029706217							
2022-06-01	Australia	Omicron 22C	0.032250445	0.038137987	0.027715005	0.03548074	0.029344846	0.033868555	0.030838516							
2022-06-02	Australia	Omicron 22C	0.033499014	0.039557192	0.02877186	0.03684824	0.03038151	0.035115384	0.031971246							
2022-06-03	Australia	Omicron 22C	0.03468709	0.0410232	0.029783051	0.03824891	0.031433463	0.036386494	0.033054568							
2022-06-04	Australia	Omicron 22C	0.03589836	0.042492166	0.03078828	0.039624933	0.032516122	0.037684277	0.034197576							
2022-06-05	Australia	Omicron 22C	0.037110567	0.04394427	0.03166742	0.040949404	0.033524696	0.038886316	0.035321563							
2022-06-06	Australia	Omicron 22C	0.038282957	0.045371063	0.032476515	0.042277887	0.034579065	0.040173583	0.036395133							
2022-06-07	Australia	Omicron 22C	0.039438277	0.046617955	0.033427045	0.043472536	0.035527367	0.041359797	0.037484273							
2022-06-08	Australia	Omicron 22C	0.040514447	0.04778049	0.034338657	0.04471469	0.036435433	0.042523004	0.0384864							
2022-06-09	Australia	Omicron 22C	0.041613482	0.049091868	0.035192005	0.045994565	0.037409812	0.043635514	0.039447255							
2022-06-10	Australia	Omicron 22C	0.04261139	0.050350294	0.0359872	0.047268488	0.038332112	0.044746514	0.04031829							
2022-06-11	Australia	Omicron 22C	0.04353337	0.05157517	0.03661014	0.04843555	0.0391045	0.0458202	0.041190688							
2022-06-12	Australia	Omicron 22C	0.04440739	0.052649044	0.03716385	0.04942323	0.03982765	0.04685334	0.04196119							
2022-06-13	Australia	Omicron 22C	0.045228228	0.053718884	0.037689384	0.050307494	0.040548693	0.047670357	0.042691655							
2022-06-14	Australia	Omicron 22C	0.045916867	0.05481345	0.03823632	0.05113531	0.04114845	0.048441157	0.043255646							
2022-06-15	Australia	Omicron 22C	0.046474673	0.055799488	0.038570352	0.05180196	0.04161935	0.049134873	0.043718282							
2022-06-16	Australia	Omicron 22C	0.046913855	0.05648517	0.038735874	0.052460186	0.0419594	0.049714778	0.044108484							
2022-06-17	Australia	Omicron 22C	0.047235712	0.057041697	0.038802616	0.05311256	0.042265918	0.050128184	0.04448254							
2022-06-18	Australia	Omicron 22C	0.047458034	0.057523068	0.03878984	0.05360206	0.04244119	0.050489265	0.04470531							
2022-06-19	Australia	Omicron 22C	0.04759157	0.05798012	0.038672186	0.053870462	0.042503484	0.050766926	0.044796117							
2022-06-20	Australia	Omicron 22C	0.047655284	0.058333166	0.038450778	0.05407272	0.04247076	0.050787702	0.044738457							
2022-06-21	Australia	Omicron 22C	0.04755599	0.05859338	0.03821232	0.054098092	0.042300764	0.05071556	0.04455998							
2022-06-22	Australia	Omicron 22C	0.047333032	0.058610994	0.038051642	0.054042075	0.04202553	0.050620966	0.044378515							
2022-06-23	Australia	Omicron 22C	0.0469948	0.05851718	0.037588533	0.053880256	0.041547213	0.050381433	0.043981493							
2022-06-24	Australia	Omicron 22C	0.04655171	0.05820533	0.036986742	0.053579733	0.04098614	0.049990907	0.04350172							
2022-06-25	Australia	Omicron 22C	0.04596909	0.057664633	0.036347106	0.053147174	0.040321097	0.049461	0.04297243							
2022-06-26	Australia	Omicron 22C	0.045268793	0.057165947	0.03563401	0.0525061	0.039607946	0.04883258	0.042231813							
2022-06-27	Australia	Omicron 22C	0.044467367	0.056617133	0.0348583	0.051895484	0.03884689	0.048141003	0.04153546							
2022-06-28	Australia	Omicron 22C	0.043708846	0.055888806	0.03399421	0.051070206	0.03805305	0.047272287	0.040762383							
2022-06-29	Australia	Omicron 22C	0.042812727	0.054949902	0.033146113	0.050104957	0.037159126	0.04637292	0.03986599							
2022-06-30	Australia	Omicron 22C	0.04183174	0.054041803	0.032252718	0.0491085	0.036282927	0.045351464	0.038849484							
2022-07-01	Australia	Omicron 22C	0.040832706	0.053044118	0.031319145	0.04821072	0.03522108	0.04434587	0.03787053							
2022-07-02	Australia	Omicron 22C	0.03972298	0.05196663	0.030352753	0.047178824	0.03411048	0.0432373	0.036760464							
2022-07-03	Australia	Omicron 22C	0.03865376	0.050865807	0.029360706	0.04601114	0.032981776	0.042038426	0.035710506							
2022-07-04	Australia	Omicron 22C	0.037548244	0.04972528	0.02831104	0.044713855	0.03198443	0.04093867	0.034519337							
2022-07-05	Australia	Omicron 22C	0.036345467	0.04852458	0.02721874	0.043420833	0.030851819	0.039787658	0.033362564							
2022-07-06	Australia	Omicron 22C	0.035167724	0.047272883	0.026125249	0.04213864	0.02971522	0.03858053	0.032186203							
2022-07-07	Australia	Omicron 22C	0.03395868	0.045979127	0.0250367	0.040814336	0.028568063	0.037268274	0.031032637							
2022-07-08	Australia	Omicron 22C	0.03272737	0.044652805	0.023958521	0.039490595	0.027418027	0.035975337	0.029891217							
2022-07-09	Australia	Omicron 22C	0.031519093	0.04330163	0.022894818	0.038259957	0.026293118	0.034663387	0.028727125							
2022-07-10	Australia	Omicron 22C	0.03031867	0.041932523	0.021846283	0.036904734	0.025179783	0.033280734	0.027577879							
2022-07-11	Australia	Omicron 22C	0.029152162	0.040506914	0.02082052	0.035481893	0.024077607	0.032094713	0.026413072							
2022-07-12	Australia	Omicron 22C	0.027954355	0.039090768	0.019820184	0.034186628	0.022960078	0.030935336	0.025280494							
2022-07-13	Australia	Omicron 22C	0.026807245	0.0376718	0.018847346	0.032899432	0.021914538	0.02975962	0.024198076							
2022-07-14	Australia	Omicron 22C	0.02568514	0.036321666	0.017905954	0.031581894	0.020836093	0.02859477	0.023134824							
2022-07-15	Australia	Omicron 22C	0.02455772	0.03498757	0.016992025	0.030328956	0.019740632	0.027416456	0.022146773							
2022-05-17	Australia	Omicron 22D	3.1907346e-18	3.5687024e-18	2.9160745e-18	3.4335887e-18	3.0090506e-18	3.3139442e-18	3.0827648e-18							
2022-05-18	Australia	Omicron 22D	3.2179344e-18	3.6035656e-18	2.9326222e-18	3.459427e-18	3.029613e-18	3.3366381e-18	3.1044334e-18							
2022-05-19	Australia	Omicron 22D	3.2448443e-18	3.6219286e-18	2.9571018e-18	3.4882794e-18	3.053865e-18	3.3647176e-18	3.1422122e-18							
2022-05-20	Australia	Omicron 22D	3.2772968e-18	3.664279e-18	2.9955463e-18	3.53127e-18	3.0802612e-18	3.3978714e-18	3.1767921e-18							
2022-05-21	Australia	Omicron 22D	3.4892385e-13	2.0818156e-12	5.506278e-14	1.1240533e-12	1.0643844e-13	6.303075e-13	1.8800524e-13							
2022-05-22	Australia	Omicron 22D	8.951699e-07	5.2877185e-06	1.3870402e-07	2.843631e-06	2.6959592e-07	1.6054267e-06	4.7680015e-07							
2022-05-23	Australia	Omicron 22D	1.4999163e-05	8.947312e-05	2.3278767e-06	4.7782574e-05	4.55183e-06	2.7258146e-05	8.071351e-06							
2022-05-24	Australia	Omicron 22D	3.271534e-05	0.00019752452	5.1026004e-06	0.000104994135	1.0039254e-05	6.0197613e-05	1.7853905e-05							
2022-05-25	Australia	Omicron 22D	4.244717e-05	0.00025566685	6.624714e-06	0.00013543837	1.3093448e-05	7.792431e-05	2.3292585e-05							
2022-05-26	Australia	Omicron 22D	5.1596333e-05	0.0003106547	8.210929e-06	0.00016209183	1.6461598e-05	9.4581155e-05	2.8740384e-05							
2022-05-27	Australia	Omicron 22D	6.464214e-05	0.0003871402	1.0516639e-05	0.00019995485	2.0917503e-05	0.000117800955	3.680164e-05							
2022-05-28	Australia	Omicron 22D	7.8838035e-05	0.0004684417	1.2987144e-05	0.00024016624	2.609412e-05	0.00014304771	4.5298304e-05							
2022-05-29	Australia	Omicron 22D	9.1709095e-05	0.00054300134	1.535058e-05	0.0002766345	3.157178e-05	0.00016675523	5.295494e-05							
2022-05-30	Australia	Omicron 22D	0.000104701714	0.00061779097	1.7577826e-05	0.00031129416	3.733936e-05	0.00018852492	6.114442e-05							
2022-05-31	Australia	Omicron 22D	0.00011801305	0.0006883944	2.018944e-05	0.0003491096	4.2636908e-05	0.0002086334	6.944435e-05							
2022-06-01	Australia	Omicron 22D	0.00013175937	0.00075401866	2.33621e-05	0.00038717463	4.8736107e-05	0.0002352399	7.8032404e-05							
2022-06-02	Australia	Omicron 22D	0.00014403058	0.0008123592	2.6709313e-05	0.00043292096	5.4736323e-05	0.000261167	8.7538574e-05							
2022-06-03	Australia	Omicron 22D	0.00015794593	0.00086783874	3.081256e-05	0.0004721013	6.038824e-05	0.00028444672	9.741615e-05							
2022-06-04	Australia	Omicron 22D	0.00017247972	0.00093369896	3.515229e-05	0.0005117252	6.7214314e-05	0.00030760327	0.0001066131							
2022-06-05	Australia	Omicron 22D	0.0001859928	0.0009915312	3.965998e-05	0.0005558496	7.3445415e-05	0.0003288801	0.00011522883							
2022-06-06	Australia	Omicron 22D	0.00018459358	0.00093559944	4.0516286e-05	0.0005376156	7.378707e-05	0.00032617134	0.00011274857							
2022-06-07	Australia	Omicron 22D	0.0001754491	0.0008338742	4.0022067e-05	0.00049880357	7.2359515e-05	0.0003103916	0.00011010155							
2022-06-08	Australia	Omicron 22D	0.0001790933	0.0008340246	4.2466756e-05	0.0004911802	7.469541e-05	0.0003111653	0.00011493595							
2022-06-09	Australia	Omicron 22D	0.00018274662	0.0008272652	4.4673132e-05	0.0004964253	7.636988e-05	0.00031065152	0.000115765404							
2022-06-10	Australia	Omicron 22D	0.0001814785	0.0008005416	4.3772787e-05	0.0004902473	7.746341e-05	0.0002987932	0.000113835005							
2022-06-11	Australia	Omicron 22D	0.00017936106	0.0008067577	4.467058e-05	0.0004815066	7.4119715e-05	0.00028711162	0.00010898693							
2022-06-12	Australia	Omicron 22D	0.00018164344	0.0008198202	4.4998087e-05	0.00046254587	7.480247e-05	0.00028331927	0.00011042872							
2022-06-13	Australia	Omicron 22D	0.00017817078	0.00079855276	4.4169312e-05	0.0004453181	7.395083e-05	0.0002854505	0.00011123406							
2022-06-14	Australia	Omicron 22D	0.00017538079	0.000776181	4.23198e-05	0.00044363644	7.206993e-05	0.00028122807	0.00010758104							
2022-06-15	Australia	Omicron 22D	0.00017172356	0.0007419101	4.1097366e-05	0.000437837	6.8619775e-05	0.00027565827	0.0001073542							
2022-06-16	Australia	Omicron 22D	0.00016939771	0.00071449217	3.9063925e-05	0.00044522504	6.588664e-05	0.00027614488	0.00010605956							
2022-06-17	Australia	Omicron 22D	0.00016628824	0.00070848304	3.8567814e-05	0.0004401208	6.2696054e-05	0.000277885	0.00010236223							
2022-06-18	Australia	Omicron 22D	0.00016135408	0.00071016897	3.6689766e-05	0.0004295756	6.098843e-05	0.00027928123	9.848828e-05							
2022-06-19	Australia	Omicron 22D	0.00015329651	0.00069123483	3.5018973e-05	0.00042495428	5.712908e-05	0.00026975613	9.373921e-05							
2022-06-20	Australia	Omicron 22D	0.00014731208	0.0006961324	3.2814045e-05	0.00041851605	5.4373628e-05	0.00026902033	8.916167e-05							
2022-06-21	Australia	Omicron 22D	0.00014263135	0.00072581234	3.0766554e-05	0.00041824422	5.1572482e-05	0.00026117824	8.619847e-05							
2022-06-22	Australia	Omicron 22D	0.00013678128	0.0007549779	2.8219118e-05	0.0004184085	4.897592e-05	0.0002563222	8.2647486e-05							
2022-06-23	Australia	Omicron 22D	0.00013372846	0.000784077	2.5813672e-05	0.0004103101	4.598384e-05	0.0002507614	7.809653e-05							
2022-06-24	Australia	Omicron 22D	0.00012941133	0.0007923339	2.3554912e-05	0.00040878705	4.233127e-05	0.00024325248	7.488623e-05							
2022-06-25	Australia	Omicron 22D	0.0001247635	0.0008193256	2.1492051e-05	0.0004025142	3.9756884e-05	0.00023494176	7.188602e-05							
2022-06-26	Australia	Omicron 22D	0.00011966366	0.0008361443	1.9904808e-05	0.0003979592	3.723044e-05	0.00022857089	6.72992e-05							
2022-06-27	Australia	Omicron 22D	0.00011589998	0.0008403015	1.8771825e-05	0.00040118129	3.4488283e-05	0.00022678089	6.241456e-05							
2022-06-28	Australia	Omicron 22D	0.00011041366	0.00083555887	1.6312615e-05	0.00040944858	3.235861e-05	0.00022242099	5.9154136e-05							
2022-06-29	Australia	Omicron 22D	0.00010712851	0.00084116857	1.4413918e-05	0.0004124107	2.9821083e-05	0.00021423779	5.562225e-05							
2022-06-30	Australia	Omicron 22D	0.00010101044	0.00085567735	1.2794921e-05	0.0004094257	2.6326501e-05	0.00021019143	5.0620416e-05							
2022-07-01	Australia	Omicron 22D	9.689536e-05	0.0008561997	1.1592261e-05	0.00040154578	2.4362147e-05	0.00020244226	4.7505735e-05							
2022-07-02	Australia	Omicron 22D	9.050533e-05	0.0008551419	1.0450963e-05	0.00038961443	2.1801401e-05	0.00019156569	4.403572e-05							
2022-07-03	Australia	Omicron 22D	8.546277e-05	0.00085260894	9.326535e-06	0.00038346605	1.959215e-05	0.00018386164	4.0432467e-05							
2022-07-04	Australia	Omicron 22D	7.968572e-05	0.0008672251	8.311449e-06	0.0003828529	1.7548859e-05	0.0001739804	3.750149e-05							
2022-07-05	Australia	Omicron 22D	7.543392e-05	0.00087522075	7.3971887e-06	0.00037762366	1.577088e-05	0.00016900916	3.5033612e-05							
2022-07-06	Australia	Omicron 22D	7.186005e-05	0.00088260486	6.4888236e-06	0.0003715211	1.4225741e-05	0.0001608004	3.2276337e-05							
2022-07-07	Australia	Omicron 22D	6.713216e-05	0.00089498895	5.5549926e-06	0.000360865	1.2844816e-05	0.00015080864	2.8740957e-05							
2022-07-08	Australia	Omicron 22D	6.3419895e-05	0.0009077227	4.900484e-06	0.00035681526	1.1534537e-05	0.00014259283	2.5694299e-05							
2022-07-09	Australia	Omicron 22D	5.916784e-05	0.00088924414	4.3285304e-06	0.00035260437	1.0261867e-05	0.00013538751	2.3584531e-05							
2022-07-10	Australia	Omicron 22D	5.485527e-05	0.0008692816	3.7500815e-06	0.00035132078	9.212425e-06	0.00013073688	2.1753898e-05							
2022-07-11	Australia	Omicron 22D	5.1215793e-05	0.00085068884	3.2443972e-06	0.00034251207	8.221955e-06	0.0001281844	2.0285019e-05							
2022-07-12	Australia	Omicron 22D	4.8071357e-05	0.0008507167	2.8047384e-06	0.0003330338	7.356062e-06	0.00012133062	1.8535902e-05							
2022-07-13	Australia	Omicron 22D	4.4610024e-05	0.00085274014	2.4231558e-06	0.00032649547	6.413912e-06	0.000116262214	1.6573116e-05							
2022-07-14	Australia	Omicron 22D	4.1354808e-05	0.0008408021	2.0847342e-06	0.00032414825	5.6956856e-06	0.00010961205	1.4691275e-05							
2022-07-15	Australia	Omicron 22D	3.9092673e-05	0.0008329719	1.7977395e-06	0.0003155649	5.0490326e-06	0.000103271974	1.3362969e-05							
2022-05-17	Australia	other	0.0017686037	0.0026044496	0.0011731293	0.0023211478	0.0013457006	0.002037185	0.0015268711							
2022-05-18	Australia	other	0.0017741476	0.0026241778	0.0011707069	0.002343487	0.001338444	0.0020499383	0.0015273446							
2022-05-19	Australia	other	0.0017719485	0.0026501182	0.0011663631	0.002368779	0.0013304149	0.0020524068	0.0015279927							
2022-05-20	Australia	other	0.001774763	0.0026933667	0.0011662988	0.0023835513	0.0013322145	0.0020671573	0.0015354299							
2022-05-21	Australia	other	0.001780747	0.0027287807	0.0011702278	0.0024036234	0.0013302491	0.0020756866	0.0015399563							
2022-05-22	Australia	other	0.0017878806	0.0027584839	0.0011702701	0.0024330413	0.0013281368	0.002090557	0.001535238							
2022-05-23	Australia	other	0.0017960372	0.002781068	0.001162193	0.0024699846	0.0013245771	0.0020943764	0.0015345071							
2022-05-24	Australia	other	0.0018040136	0.002795423	0.0011441268	0.00250772	0.001312274	0.0021114668	0.0015346224							
2022-05-25	Australia	other	0.001815045	0.0028373813	0.0011253916	0.002546391	0.0012990674	0.002120653	0.0015412671							
2022-05-26	Australia	other	0.0018236316	0.0028819866	0.0011194011	0.0025791454	0.0012907517	0.0021430226	0.0015447779							
2022-05-27	Australia	other	0.0018239059	0.0029021609	0.0011078467	0.0026123433	0.0012796306	0.0021522488	0.0015471973							
2022-05-28	Australia	other	0.0018261094	0.0029436685	0.0010903626	0.002631421	0.0012736088	0.0021680428	0.0015486559							
2022-05-29	Australia	other	0.001831596	0.0029937224	0.0010803291	0.002668351	0.0012673868	0.0021833717	0.0015440029							
2022-05-30	Australia	other	0.0018315637	0.0030314391	0.0010696332	0.002696512	0.0012598891	0.0021916411	0.0015378459							
2022-05-31	Australia	other	0.0018368224	0.0030728825	0.0010581953	0.002729342	0.0012520654	0.0021923652	0.0015329004							
2022-06-01	Australia	other	0.0018404564	0.0031261279	0.0010455342	0.0027487515	0.0012422057	0.0022121356	0.0015294828							
2022-06-02	Australia	other	0.0018387053	0.003188891	0.0010283584	0.002772204	0.0012353106	0.0022255327	0.0015186433							
2022-06-03	Australia	other	0.0018378516	0.0032311017	0.0010093768	0.0027779588	0.0012313897	0.0022230367	0.0015077638							
2022-06-04	Australia	other	0.0018336258	0.0032691823	0.0009942194	0.00278087	0.0012198815	0.0022295632	0.0014981991							
2022-06-05	Australia	other	0.0018286039	0.0033035628	0.0009782542	0.0027792598	0.0012016018	0.0022306454	0.0014872033							
2022-06-06	Australia	other	0.0018154366	0.003337905	0.00095388136	0.0027875062	0.001183115	0.0022333688	0.0014734006							
2022-06-07	Australia	other	0.0017940869	0.0033638119	0.0009258274	0.002795598	0.00116189	0.00223431	0.001451985							
2022-06-08	Australia	other	0.0017818317	0.0033845375	0.0008968966	0.002797791	0.0011396136	0.0022199748	0.0014338242							
2022-06-09	Australia	other	0.0017624968	0.0033996427	0.000867047	0.002775259	0.0011187107	0.002210596	0.0014151367							
2022-06-10	Australia	other	0.0017411639	0.0034086732	0.00083603343	0.0027745932	0.0010975776	0.0021922085	0.0013898043							
2022-06-11	Australia	other	0.0017136764	0.0034111743	0.0008043833	0.0027694344	0.0010753189	0.002163706	0.0013595585							
2022-06-12	Australia	other	0.0016887623	0.0034067803	0.0007734985	0.0027517742	0.0010531438	0.002130525	0.0013279954							
2022-06-13	Australia	other	0.0016527094	0.003396879	0.0007462965	0.0027224652	0.0010287301	0.0020983634	0.0012935114							
2022-06-14	Australia	other	0.0016178417	0.0033797666	0.00071849005	0.0026866244	0.0009962388	0.0020553404	0.0012621938							
2022-06-15	Australia	other	0.0015822313	0.0033510108	0.000690183	0.002644994	0.0009667965	0.0020120942	0.0012313484							
2022-06-16	Australia	other	0.0015374563	0.0033001476	0.0006601599	0.002595355	0.00093638187	0.0019697843	0.0011931385							
2022-06-17	Australia	other	0.0014957107	0.0032422321	0.00062741165	0.0025472222	0.00090478896	0.0019326012	0.0011516986							
2022-06-18	Australia	other	0.0014512951	0.003177804	0.0005947703	0.0025030496	0.0008721752	0.0018881008	0.0011109075							
2022-06-19	Australia	other	0.0014001123	0.0031073887	0.00056240056	0.00243853	0.00083832623	0.0018352811	0.0010636841							
2022-06-20	Australia	other	0.0013463073	0.0030397186	0.00053502264	0.0023824582	0.0008031506	0.0017808785	0.0010220349							
2022-06-21	Australia	other	0.001295198	0.0029783023	0.0005086753	0.0023237802	0.00076892116	0.0017213706	0.0009833043							
2022-06-22	Australia	other	0.0012425046	0.002912376	0.00048259	0.002261945	0.00073394674	0.0016587846	0.00094149046							
2022-06-23	Australia	other	0.0011904647	0.0028437912	0.00045688322	0.0021849107	0.0006990425	0.0015984455	0.0008999233							
2022-06-24	Australia	other	0.0011434605	0.0027720248	0.00043166155	0.0021058451	0.00066548487	0.0015424821	0.00085299107							
2022-06-25	Australia	other	0.0010924126	0.0026907828	0.00040702187	0.0020255104	0.0006288344	0.0014887942	0.00080888416							
2022-06-26	Australia	other	0.0010418171	0.0026036198	0.0003812301	0.0019438083	0.00059342326	0.0014309812	0.00076644093							
2022-06-27	Australia	other	0.0009923843	0.0025138797	0.00035527808	0.001872131	0.00056033506	0.0013694866	0.00072745705							
2022-06-28	Australia	other	0.0009425422	0.0024222436	0.00033037167	0.0018020683	0.0005227521	0.0013053725	0.0006876744							
2022-06-29	Australia	other	0.00089369563	0.0023293719	0.00030656706	0.0017158837	0.00049208524	0.0012412583	0.0006504259							
2022-06-30	Australia	other	0.0008464845	0.002235888	0.0002839059	0.0016396114	0.0004635682	0.0011779845	0.0006114959							
2022-07-01	Australia	other	0.0007993741	0.0021423681	0.00026241687	0.0015778884	0.0004336975	0.0011153637	0.0005726288							
2022-07-02	Australia	other	0.0007538836	0.0020495593	0.00024211704	0.0015163452	0.00040503818	0.0010548321	0.000536004							
2022-07-03	Australia	other	0.00070866034	0.00195402	0.0002229379	0.0014525469	0.00037820372	0.0009939185	0.0005033865							
2022-07-04	Australia	other	0.0006668994	0.0018544886	0.0002049005	0.0013812063	0.0003526325	0.0009344472	0.00046913783							
2022-07-05	Australia	other	0.00062619423	0.0017618549	0.00018936928	0.0013106631	0.00032870428	0.0008818929	0.00043839306							
2022-07-06	Australia	other	0.0005872066	0.0016752499	0.00017556507	0.0012401426	0.00030599494	0.000829963	0.0004081737							
2022-07-07	Australia	other	0.0005502372	0.0015936196	0.0001625869	0.0011702505	0.00028451873	0.000781629	0.000378101							
2022-07-08	Australia	other	0.0005145456	0.0015149587	0.00014960632	0.0011078261	0.00026412404	0.0007350433	0.00035150422							
2022-07-09	Australia	other	0.00048090826	0.0014390122	0.0001373248	0.0010488606	0.00024405254	0.00068975263	0.00032565903							
2022-07-10	Australia	other	0.00044868825	0.0013658012	0.0001259887	0.000989118	0.00022431	0.00064891647	0.00030174007							
2022-07-11	Australia	other	0.00041899324	0.0012860232	0.00011554647	0.00093166815	0.00020747514	0.0006091956	0.00028132956							
2022-07-12	Australia	other	0.00039060554	0.0012094406	0.00010594583	0.000877005	0.00019134166	0.0005713529	0.00026171672							
2022-07-13	Australia	other	0.00036369756	0.0011362324	9.692556e-05	0.00082374073	0.00017686233	0.0005342681	0.0002409835							
2022-07-14	Australia	other	0.00033913128	0.0010664519	8.860496e-05	0.0007731235	0.00016242127	0.00050047936	0.00022264603							
2022-07-15	Australia	other	0.00031635046	0.0010000775	8.0961814e-05	0.00072521344	0.00014872146	0.0004643409	0.0002063106							
2022-05-17	Australia	Omicron 21L	0.9376929	0.94185925	0.93362665	0.94047713	0.93514735	0.93924105	0.93645114							
2022-05-18	Australia	Omicron 21L	0.93353873	0.9378689	0.9291425	0.93645287	0.9308861	0.9351554	0.932251							
2022-05-19	Australia	Omicron 21L	0.92898846	0.93351007	0.92426777	0.9320736	0.926234	0.9306917	0.9276594							
2022-05-20	Australia	Omicron 21L	0.9240892	0.92882586	0.9191716	0.9273312	0.92114043	0.92587227	0.92271876							
2022-05-21	Australia	Omicron 21L	0.91877514	0.9236299	0.9137138	0.9220956	0.9155998	0.9205767	0.9172937							
2022-05-22	Australia	Omicron 21L	0.91302717	0.91800666	0.9076116	0.916455	0.90971607	0.9148718	0.9113388							
2022-05-23	Australia	Omicron 21L	0.9067687	0.91199565	0.9008472	0.9102656	0.9033211	0.9086778	0.90493244							
2022-05-24	Australia	Omicron 21L	0.8999971	0.90542656	0.8935542	0.9036	0.8962109	0.9019881	0.8980512							
2022-05-25	Australia	Omicron 21L	0.8927016	0.8982926	0.8858509	0.8964041	0.88863593	0.89472157	0.8906193							
2022-05-26	Australia	Omicron 21L	0.8848182	0.89069676	0.8778566	0.88872665	0.88048327	0.88687694	0.88260716							
2022-05-27	Australia	Omicron 21L	0.87629503	0.8824772	0.86899936	0.88053143	0.8717768	0.8783731	0.8739356							
2022-05-28	Australia	Omicron 21L	0.8672052	0.8736311	0.8594985	0.87162817	0.862306	0.869309	0.86473894							
2022-05-29	Australia	Omicron 21L	0.8574078	0.8642181	0.8493498	0.8620994	0.85214436	0.8596511	0.85462093							
2022-05-30	Australia	Omicron 21L	0.8468826	0.8541312	0.8381497	0.85176325	0.8411939	0.84920835	0.8439405							
2022-05-31	Australia	Omicron 21L	0.83566827	0.8433157	0.82629216	0.8405892	0.82964253	0.83810186	0.83247626							
2022-06-01	Australia	Omicron 21L	0.8235567	0.8318336	0.8139204	0.8286961	0.8172511	0.8263701	0.8201933							
2022-06-02	Australia	Omicron 21L	0.81081283	0.8194536	0.80060816	0.8161559	0.8038478	0.81374866	0.8071991							
2022-06-03	Australia	Omicron 21L	0.79724085	0.8063637	0.7860724	0.8028792	0.7899102	0.80034924	0.79335046							
2022-06-04	Australia	Omicron 21L	0.7827536	0.79250455	0.77072704	0.7887704	0.7751764	0.7861629	0.77858007							
2022-06-05	Australia	Omicron 21L	0.7674005	0.7777242	0.75503314	0.77369463	0.759395	0.77116656	0.7630196							
2022-06-06	Australia	Omicron 21L	0.7510029	0.76226175	0.73858094	0.7580271	0.74273133	0.7551764	0.74657446							
2022-06-07	Australia	Omicron 21L	0.7339431	0.7460702	0.72090244	0.741566	0.7251882	0.73845136	0.7293426							
2022-06-08	Australia	Omicron 21L	0.716094	0.7289057	0.70253325	0.7242717	0.706776	0.72082114	0.71123385							
2022-06-09	Australia	Omicron 21L	0.6973736	0.7106063	0.6830783	0.70607316	0.68755734	0.7024003	0.6923951							
2022-06-10	Australia	Omicron 21L	0.6778299	0.6916566	0.6622715	0.68708277	0.66741604	0.6833088	0.67248523							
2022-06-11	Australia	Omicron 21L	0.6575835	0.6721469	0.6412587	0.6674709	0.646496	0.66314363	0.6520197							
2022-06-12	Australia	Omicron 21L	0.63655406	0.65191317	0.61936915	0.64693594	0.6251756	0.64246476	0.63078815							
2022-06-13	Australia	Omicron 21L	0.61490417	0.6315797	0.59652954	0.62601715	0.60310996	0.6208986	0.60890865							
2022-06-14	Australia	Omicron 21L	0.5927112	0.6103958	0.57297623	0.6043573	0.5803803	0.5987934	0.58641666							
2022-06-15	Australia	Omicron 21L	0.5701902	0.58833575	0.54891694	0.5821695	0.55719364	0.57633996	0.5634667							
2022-06-16	Australia	Omicron 21L	0.5471852	0.5658879	0.5246304	0.5595044	0.53356224	0.55352277	0.540269							
2022-06-17	Australia	Omicron 21L	0.52380973	0.5433553	0.50011456	0.5365313	0.5097281	0.53020144	0.5166142							
2022-06-18	Australia	Omicron 21L	0.50005424	0.5208063	0.47597662	0.51328176	0.48566005	0.5068021	0.49256784							
2022-06-19	Australia	Omicron 21L	0.47628114	0.49810314	0.45146415	0.48994413	0.46159962	0.4831872	0.46874246							
2022-06-20	Australia	Omicron 21L	0.45243806	0.4753232	0.42701834	0.46657363	0.43730396	0.4595719	0.44504425							
2022-06-21	Australia	Omicron 21L	0.42884672	0.4521504	0.40282437	0.44322252	0.41306522	0.43600893	0.4214281							
2022-06-22	Australia	Omicron 21L	0.40559614	0.42860666	0.3789858	0.420047	0.3894138	0.4125591	0.39794636							
2022-06-23	Australia	Omicron 21L	0.38270655	0.4057777	0.3554036	0.3970308	0.3663183	0.38926917	0.37487692							
2022-06-24	Australia	Omicron 21L	0.36008006	0.3835619	0.33248952	0.3744431	0.3436558	0.3666653	0.3521843							
2022-06-25	Australia	Omicron 21L	0.33792773	0.36152822	0.31063265	0.3524623	0.32135546	0.34458366	0.32984057							
2022-06-26	Australia	Omicron 21L	0.31653875	0.34036237	0.2890486	0.33108893	0.30038783	0.3230793	0.30846447							
2022-06-27	Australia	Omicron 21L	0.29578695	0.3198991	0.26853007	0.31017888	0.27958497	0.30242932	0.28773946							
2022-06-28	Australia	Omicron 21L	0.2758357	0.29990938	0.2489256	0.2897973	0.2600683	0.2823498	0.2678457							
2022-06-29	Australia	Omicron 21L	0.25659946	0.28054604	0.23025343	0.27040908	0.24142525	0.26302874	0.24854468							
2022-06-30	Australia	Omicron 21L	0.23819067	0.26182964	0.21254237	0.25161827	0.22349879	0.24452528	0.23035929							
2022-07-01	Australia	Omicron 21L	0.22059965	0.24369934	0.19580817	0.23377658	0.20669496	0.22698703	0.21319465							
2022-07-02	Australia	Omicron 21L	0.20402443	0.22639138	0.18005529	0.21680062	0.19069535	0.21035768	0.19697034							
2022-07-03	Australia	Omicron 21L	0.18831648	0.20992726	0.16520706	0.20070982	0.17554004	0.19456485	0.18149027							
2022-07-04	Australia	Omicron 21L	0.17343977	0.19439825	0.15122578	0.1854924	0.16121316	0.17966543	0.16704698							
2022-07-05	Australia	Omicron 21L	0.15953825	0.17987329	0.13828656	0.17115285	0.14792854	0.16569649	0.15343618							
2022-07-06	Australia	Omicron 21L	0.14660954	0.16612473	0.12628725	0.15723981	0.13542514	0.15240523	0.14063525							
2022-07-07	Australia	Omicron 21L	0.13441864	0.15333518	0.115162894	0.14476398	0.12370703	0.14008164	0.12874232							
2022-07-08	Australia	Omicron 21L	0.12311455	0.14135224	0.10487561	0.1331952	0.112941	0.12854296	0.11770669							
2022-07-09	Australia	Omicron 21L	0.112546615	0.13017705	0.09538449	0.12211409	0.10296578	0.11779973	0.10750172							
2022-07-10	Australia	Omicron 21L	0.10281886	0.119646005	0.08664683	0.11195627	0.09372908	0.107822515	0.09797842							
2022-07-11	Australia	Omicron 21L	0.09376025	0.10971851	0.07862698	0.10250898	0.08526778	0.09857389	0.08921922							
2022-07-12	Australia	Omicron 21L	0.08550037	0.1005227	0.07131323	0.0938816	0.077509195	0.09001055	0.08115344							
2022-07-13	Australia	Omicron 21L	0.07785901	0.0919898	0.06451401	0.08568126	0.07032451	0.082214534	0.0737696							
2022-07-14	Australia	Omicron 21L	0.07080445	0.08408784	0.058352366	0.07803694	0.06372551	0.074950755	0.0669329							
2022-07-15	Australia	Omicron 21L	0.06436792	0.07681	0.05272858	0.07103284	0.057735316	0.06818968	0.060722984							
2022-07-16	Australia	Omicron 21K								1.1003337e-05	2.6943348e-05	4.6606333e-06	2.1340327e-05	5.8971623e-06	1.4804205e-05	8.065311e-06
2022-07-17	Australia	Omicron 21K								9.434628e-06	2.3387604e-05	3.9487977e-06	1.8500803e-05	5.033852e-06	1.2800486e-05	6.8913296e-06
2022-07-18	Australia	Omicron 21K								8.100523e-06	2.0282636e-05	3.3376546e-06	1.5986085e-05	4.295775e-06	1.1060738e-05	5.847698e-06
2022-07-19	Australia	Omicron 21K								6.9642547e-06	1.7596327e-05	2.830595e-06	1.3851028e-05	3.6634426e-06	9.573641e-06	4.9777295e-06
2022-07-20	Australia	Omicron 21K								5.9801932e-06	1.526065e-05	2.4013939e-06	1.1998611e-05	3.1199597e-06	8.257677e-06	4.255205e-06
2022-07-21	Australia	Omicron 21K								5.122104e-06	1.3223153e-05	2.0349466e-06	1.0377307e-05	2.638901e-06	7.1134314e-06	3.6434767e-06
2022-07-22	Australia	Omicron 21K								4.392764e-06	1.147564e-05	1.7102491e-06	8.9386185e-06	2.2328304e-06	6.099295e-06	3.1303807e-06
2022-07-23	Australia	Omicron 21K								3.7685368e-06	1.0027072e-05	1.4353036e-06	7.685405e-06	1.894052e-06	5.2547166e-06	2.6748748e-06
2022-07-24	Australia	Omicron 21K								3.2283365e-06	8.777119e-06	1.2069329e-06	6.602422e-06	1.597654e-06	4.5059332e-06	2.2760157e-06
2022-07-25	Australia	Omicron 21K								2.7639744e-06	7.639512e-06	1.0153996e-06	5.714249e-06	1.3536512e-06	3.86109e-06	1.9467766e-06
2022-07-26	Australia	Omicron 21K								2.3640027e-06	6.618505e-06	8.585532e-07	4.938562e-06	1.1478885e-06	3.3223328e-06	1.6575543e-06
2022-07-27	Australia	Omicron 21K								2.0185678e-06	5.731764e-06	7.269008e-07	4.255416e-06	9.739625e-07	2.8579102e-06	1.4139302e-06
2022-07-28	Australia	Omicron 21K								1.7240288e-06	4.962324e-06	6.152667e-07	3.6729816e-06	8.234485e-07	2.453307e-06	1.2042389e-06
2022-07-29	Australia	Omicron 21K								1.4742191e-06	4.294741e-06	5.204996e-07	3.1538032e-06	6.9374147e-07	2.1050116e-06	1.0252277e-06
2022-07-30	Australia	Omicron 21K								1.2569471e-06	3.7157042e-06	4.4017364e-07	2.7139063e-06	5.8781234e-07	1.8026253e-06	8.7249794e-07
2022-07-31	Australia	Omicron 21K								1.0733319e-06	3.2137946e-06	3.7270263e-07	2.3335713e-06	4.979991e-07	1.540737e-06	7.4242297e-07
2022-08-01	Australia	Omicron 21K								9.1570087e-07	2.7682242e-06	3.1782125e-07	2.0060268e-06	4.217892e-07	1.3211339e-06	6.319464e-07
2022-08-02	Australia	Omicron 21K								7.834872e-07	2.3975788e-06	2.7082712e-07	1.7252148e-06	3.5715186e-07	1.1336798e-06	5.377802e-07
2022-08-03	Australia	Omicron 21K								6.6919927e-07	2.0765042e-06	2.3073714e-07	1.4832607e-06	3.0235137e-07	9.700665e-07	4.5688583e-07
2022-08-04	Australia	Omicron 21K								5.6959595e-07	1.7960242e-06	1.9572977e-07	1.2749665e-06	2.559038e-07	8.301665e-07	3.863379e-07
2022-08-05	Australia	Omicron 21K								4.862194e-07	1.5542264e-06	1.654251e-07	1.0957026e-06	2.1658374e-07	7.115525e-07	3.2741343e-07
2022-08-06	Australia	Omicron 21K								4.145678e-07	1.3448073e-06	1.3978683e-07	9.4146714e-07	1.8327e-07	6.086452e-07	2.7716132e-07
2022-08-07	Australia	Omicron 21K								3.543334e-07	1.1634029e-06	1.1810175e-07	8.088011e-07	1.5492033e-07	5.19956e-07	2.3473122e-07
2022-08-08	Australia	Omicron 21K								3.0279648e-07	1.006292e-06	9.976459e-08	6.9471497e-07	1.310972e-07	4.4349105e-07	1.9876742e-07
2022-08-09	Australia	Omicron 21K								2.5814563e-07	8.679904e-07	8.426185e-08	5.964996e-07	1.1091086e-07	3.7855062e-07	1.6858172e-07
2022-08-10	Australia	Omicron 21K								2.1968793e-07	7.4771106e-07	7.115652e-08	5.1199993e-07	9.395532e-08	3.2316183e-07	1.4298845e-07
2022-08-11	Australia	Omicron 21K								1.869526e-07	6.4405486e-07	5.9954566e-08	4.3941048e-07	7.950742e-08	2.758702e-07	1.2137623e-07
2022-08-12	Australia	Omicron 21K								1.5937414e-07	5.546983e-07	5.0446264e-08	3.7706366e-07	6.702036e-08	2.3553748e-07	1.0305289e-07
2022-08-13	Australia	Omicron 21K								1.3558744e-07	4.7893377e-07	4.244072e-08	3.2413462e-07	5.66472e-08	2.0143766e-07	8.7485745e-08
2022-08-14	Australia	Omicron 21K								1.15395295e-07	4.1370504e-07	3.5701497e-08	2.7887347e-07	4.7998775e-08	1.721908e-07	7.409616e-08
2022-07-16	Australia	Omicron 22A								0.1316936	0.16588506	0.10162062	0.15387376	0.11183367	0.14245063	0.12180905
2022-07-17	Australia	Omicron 22A								0.12893921	0.16357352	0.09905935	0.15100247	0.10926807	0.13975863	0.119126186
2022-07-18	Australia	Omicron 22A								0.12623419	0.16128156	0.09648652	0.14808635	0.10659732	0.13691571	0.11636397
2022-07-19	Australia	Omicron 22A								0.12325092	0.15875623	0.09386839	0.14523572	0.103675246	0.13419089	0.1135682
2022-07-20	Australia	Omicron 22A								0.12042995	0.15625185	0.091177806	0.14257137	0.1007478	0.13147652	0.11069111
2022-07-21	Australia	Omicron 22A								0.11770818	0.15363735	0.08850609	0.13985182	0.09788425	0.12866864	0.10781587
2022-07-22	Australia	Omicron 22A								0.114983365	0.15091327	0.08581215	0.13710874	0.095143385	0.12577596	0.1050716
2022-07-23	Australia	Omicron 22A								0.1122714	0.1482346	0.083100304	0.13443586	0.09255734	0.12288919	0.102214485
2022-07-24	Australia	Omicron 22A								0.10950595	0.14553766	0.08043723	0.13174412	0.089989595	0.120063305	0.09940483
2022-07-25	Australia	Omicron 22A								0.10675706	0.14282912	0.07782827	0.12890348	0.08738444	0.1174213	0.096709296
2022-07-26	Australia	Omicron 22A								0.104043625	0.14011487	0.075250834	0.12616175	0.084928185	0.114688285	0.09409846
2022-07-27	Australia	Omicron 22A								0.10130792	0.13740116	0.072669715	0.123492986	0.082494676	0.11208407	0.0915695
2022-07-28	Australia	Omicron 22A								0.09861146	0.1346935	0.07015222	0.12084702	0.07997313	0.10945335	0.08899222
2022-07-29	Australia	Omicron 22A								0.095981464	0.13200364	0.067882806	0.11828845	0.077502586	0.10688412	0.08639779
2022-07-30	Australia	Omicron 22A								0.09346323	0.12931621	0.06578336	0.11572623	0.075084865	0.10421648	0.08387466
2022-07-31	Australia	Omicron 22A								0.09095679	0.12660697	0.063603014	0.11304526	0.072640054	0.10169552	0.081343435
2022-08-01	Australia	Omicron 22A								0.08843927	0.12392249	0.061480552	0.110395275	0.06996399	0.09918852	0.07894067
2022-08-02	Australia	Omicron 22A								0.085988544	0.12126599	0.059416015	0.10781129	0.06752056	0.096511215	0.076618895
2022-08-03	Australia	Omicron 22A								0.0836192	0.11863993	0.0574237	0.1051891	0.065290354	0.094186336	0.07441096
2022-08-04	Australia	Omicron 22A								0.08138405	0.11604637	0.055536844	0.10272375	0.06317376	0.09167675	0.07222368
2022-08-05	Australia	Omicron 22A								0.07900138	0.113487095	0.053701945	0.100296326	0.06111522	0.0894572	0.07004064
2022-08-06	Australia	Omicron 22A								0.07677352	0.11096379	0.05191916	0.0979013	0.059112787	0.08711197	0.06788859
2022-08-07	Australia	Omicron 22A								0.074672416	0.108477786	0.050130397	0.095546834	0.05716598	0.08472473	0.06581582
2022-08-08	Australia	Omicron 22A								0.07260545	0.106030166	0.048366204	0.09322355	0.055274263	0.082507215	0.06378729
2022-08-09	Australia	Omicron 22A								0.070511356	0.103626505	0.04665482	0.09098653	0.053444024	0.08045314	0.06184967
2022-08-10	Australia	Omicron 22A								0.068461195	0.10126521	0.044998173	0.088822804	0.051739696	0.07825791	0.05987612
2022-08-11	Australia	Omicron 22A								0.06648289	0.09894417	0.04339507	0.08669852	0.050053015	0.07613297	0.05798298
2022-08-12	Australia	Omicron 22A								0.06454291	0.09666381	0.041844316	0.084613904	0.048427958	0.074150085	0.05614523
2022-08-13	Australia	Omicron 22A								0.062573284	0.0944244	0.040337406	0.082495525	0.046866685	0.07217782	0.054380074
2022-08-14	Australia	Omicron 22A								0.060717627	0.09222616	0.038710624	0.08042237	0.045357555	0.07030615	0.05269865
2022-07-16	Australia	Omicron 22B								0.78521675	0.82637966	0.7426481	0.8089493	0.7592483	0.79717416	0.7721427
2022-07-17	Australia	Omicron 22B								0.79455864	0.8348508	0.75249165	0.8178351	0.7686198	0.806371	0.78137225
2022-07-18	Australia	Omicron 22B								0.80342805	0.84318763	0.76188767	0.8261945	0.77734566	0.81469643	0.7900239
2022-07-19	Australia	Omicron 22B								0.81157255	0.8511236	0.7707437	0.83434933	0.78569555	0.82289404	0.79831654
2022-07-20	Australia	Omicron 22B								0.8194654	0.85860634	0.77915084	0.84215486	0.79348713	0.83083105	0.8061087
2022-07-21	Australia	Omicron 22B								0.8269806	0.86565596	0.78699565	0.84937686	0.8013557	0.8384018	0.8136927
2022-07-22	Australia	Omicron 22B								0.8341453	0.87215877	0.7943944	0.856516	0.80855924	0.84534097	0.8209622
2022-07-23	Australia	Omicron 22B								0.84084773	0.87829304	0.8015323	0.86327654	0.81530565	0.8521364	0.82777256
2022-07-24	Australia	Omicron 22B								0.8471177	0.8840821	0.8080689	0.869202	0.82193714	0.85839677	0.83425075
2022-07-25	Australia	Omicron 22B								0.85324085	0.88943267	0.81431913	0.87535	0.82826686	0.86428094	0.84040076
2022-07-26	Australia	Omicron 22B								0.8589432	0.8944628	0.8203013	0.8811194	0.83393997	0.86988163	0.84632367
2022-07-27	Australia	Omicron 22B								0.864626	0.89942306	0.8260221	0.8863802	0.8400021	0.87546736	0.8519616
2022-07-28	Australia	Omicron 22B								0.869983	0.9040358	0.8314979	0.8914455	0.8454652	0.88082564	0.8573139
2022-07-29	Australia	Omicron 22B								0.87501025	0.9083432	0.83591557	0.8960592	0.85083055	0.8857231	0.8624192
2022-07-30	Australia	Omicron 22B								0.8797665	0.9124248	0.8408828	0.90044093	0.8557793	0.8903885	0.86739504
2022-07-31	Australia	Omicron 22B								0.88426924	0.91631794	0.8456453	0.9046034	0.86058176	0.8948627	0.87202525
2022-08-01	Australia	Omicron 22B								0.8885419	0.9200847	0.8502148	0.9085845	0.86526406	0.89902186	0.8765602
2022-08-02	Australia	Omicron 22B								0.8925613	0.92343616	0.8546018	0.91248447	0.8697156	0.9030695	0.880882
2022-08-03	Australia	Omicron 22B								0.8964806	0.9267146	0.8587849	0.91619444	0.87379014	0.90686774	0.8849021
2022-08-04	Australia	Omicron 22B								0.900163	0.92990214	0.86275697	0.91972554	0.8776132	0.91059273	0.88886064
2022-08-05	Australia	Omicron 22B								0.90364695	0.9328987	0.86659217	0.9230877	0.88125414	0.91415393	0.8925992
2022-08-06	Australia	Omicron 22B								0.90702045	0.9358051	0.8705189	0.9262909	0.8847887	0.9175236	0.89611775
2022-08-07	Australia	Omicron 22B								0.9103681	0.938633	0.8743049	0.9293562	0.8882733	0.9205776	0.89970744
2022-08-08	Australia	Omicron 22B								0.91363037	0.94126403	0.8779465	0.9320622	0.8919698	0.92350596	0.90305066
2022-08-09	Australia	Omicron 22B								0.9167295	0.9437252	0.88144755	0.93474174	0.8952284	0.9265028	0.906134
2022-08-10	Australia	Omicron 22B								0.9196453	0.94604445	0.8847835	0.9376084	0.8983349	0.9293057	0.90904963
2022-08-11	Australia	Omicron 22B								0.9224367	0.9482603	0.8879166	0.9400732	0.9013237	0.93194187	0.9119159
2022-08-12	Australia	Omicron 22B								0.925153	0.95037544	0.8910406	0.94233394	0.9042047	0.9344494	0.91462064
2022-08-13	Australia	Omicron 22B								0.9277357	0.9523953	0.8940621	0.9446473	0.9069856	0.93691075	0.9172921
2022-08-14	Australia	Omicron 22B								0.9302399	0.95432335	0.89698565	0.9468528	0.90967095	0.9392266	0.9199188
2022-07-16	Australia	Omicron 22C								0.023436718	0.03374161	0.01609044	0.029126966	0.018740948	0.026294408	0.021163626
2022-07-17	Australia	Omicron 22C								0.0223891	0.03254903	0.015214491	0.027945826	0.01778987	0.025160568	0.020161496
2022-07-18	Australia	Omicron 22C								0.021393664	0.031411175	0.014376745	0.026799269	0.016834177	0.024066545	0.019166937
2022-07-19	Australia	Omicron 22C								0.020420901	0.03030384	0.013562195	0.02573523	0.01608615	0.023013119	0.01822221
2022-07-20	Australia	Omicron 22C								0.019476172	0.029129265	0.0127823	0.024598083	0.015323958	0.022026945	0.017291756
2022-07-21	Australia	Omicron 22C								0.01853032	0.027979944	0.012049729	0.023549752	0.014466137	0.021041702	0.0164525
2022-07-22	Australia	Omicron 22C								0.017644592	0.026914958	0.011362873	0.022524538	0.01365505	0.020089302	0.015610916
2022-07-23	Australia	Omicron 22C								0.016793946	0.025878184	0.010709881	0.021533092	0.012949263	0.019166244	0.014822842
2022-07-24	Australia	Omicron 22C								0.015974592	0.024870442	0.010089671	0.020582236	0.012248848	0.018242555	0.014078846
2022-07-25	Australia	Omicron 22C								0.015211222	0.023891684	0.009501797	0.019669393	0.011610936	0.017365437	0.013375074
2022-07-26	Australia	Omicron 22C								0.014446262	0.022928307	0.008951072	0.018790033	0.011000082	0.016525488	0.012688739
2022-07-27	Australia	Omicron 22C								0.013724634	0.021969102	0.008441048	0.017961882	0.010417484	0.015723087	0.01204581
2022-07-28	Australia	Omicron 22C								0.013001837	0.021073952	0.007957632	0.017170412	0.009831977	0.01496921	0.0114113055
2022-07-29	Australia	Omicron 22C								0.012327805	0.020196142	0.0074998187	0.016408464	0.009297088	0.0142634455	0.010791347
2022-07-30	Australia	Omicron 22C								0.011698963	0.019347057	0.0070665022	0.015672274	0.008779382	0.0135662705	0.010223953
2022-07-31	Australia	Omicron 22C								0.011095444	0.018528465	0.0066565825	0.014960282	0.008270462	0.012904646	0.0096819075
2022-08-01	Australia	Omicron 22C								0.01053863	0.017739844	0.0062681036	0.0142670125	0.007791311	0.012300678	0.00915544
2022-08-02	Australia	Omicron 22C								0.010014238	0.016980637	0.005900979	0.01356582	0.0073532383	0.011706489	0.008665757
2022-08-03	Australia	Omicron 22C								0.009505053	0.016250202	0.005553348	0.012933454	0.006925696	0.011116095	0.008191835
2022-08-04	Australia	Omicron 22C								0.009005039	0.015547846	0.0052069295	0.012358608	0.0065149562	0.010561815	0.007753281
2022-08-05	Australia	Omicron 22C								0.00852319	0.014872847	0.004896367	0.011807111	0.00612748	0.010038471	0.007318374
2022-08-06	Australia	Omicron 22C								0.00807666	0.014224464	0.004607194	0.0112782605	0.0057656425	0.009537985	0.006910119
2022-08-07	Australia	Omicron 22C								0.007653265	0.013601932	0.004324026	0.01075337	0.005430812	0.009074644	0.0065485495
2022-08-08	Australia	Omicron 22C								0.0072453404	0.013004472	0.004053057	0.010261852	0.0051124226	0.008622329	0.0062031196
2022-08-09	Australia	Omicron 22C								0.006857224	0.0124313	0.003798517	0.009782575	0.004817543	0.008198387	0.0058690095
2022-08-10	Australia	Omicron 22C								0.006486168	0.0118816355	0.0035588224	0.009322805	0.004536182	0.0077831876	0.0055328337
2022-08-11	Australia	Omicron 22C								0.00615005	0.011354687	0.0033338536	0.008883401	0.004274688	0.007393167	0.005220219
2022-08-12	Australia	Omicron 22C								0.0058310446	0.01084968	0.0031247013	0.008460589	0.0040223193	0.0070149084	0.004929995
2022-08-13	Australia	Omicron 22C								0.0055355197	0.010365846	0.0029366	0.008042055	0.0037750944	0.0066590463	0.0046529863
2022-08-14	Australia	Omicron 22C								0.0052388934	0.009902421	0.0027595554	0.0076522613	0.0035426815	0.0063216053	0.004394636
2022-07-16	Australia	Omicron 22D								3.6061763e-05	0.0008245573	1.5631013e-06	0.00030685417	4.4177923e-06	9.721749e-05	1.2000775e-05
2022-07-17	Australia	Omicron 22D								3.350873e-05	0.0008169295	1.3575775e-06	0.00030135395	3.7821712e-06	9.298975e-05	1.099326e-05
2022-07-18	Australia	Omicron 22D								3.1382653e-05	0.0008092569	1.1779324e-06	0.00029579556	3.3322144e-06	8.743287e-05	1.0169995e-05
2022-07-19	Australia	Omicron 22D								2.8920691e-05	0.0008170657	1.0099636e-06	0.00028628175	2.9561338e-06	8.325745e-05	9.040639e-06
2022-07-20	Australia	Omicron 22D								2.6613816e-05	0.0008129288	8.629752e-07	0.00027854476	2.5570907e-06	7.979108e-05	7.948695e-06
2022-07-21	Australia	Omicron 22D								2.4273944e-05	0.0008091829	7.364746e-07	0.00027006725	2.1917872e-06	7.589125e-05	7.11161e-06
2022-07-22	Australia	Omicron 22D								2.2025997e-05	0.00080614	6.185852e-07	0.0002590938	1.9176928e-06	7.326539e-05	6.5113845e-06
2022-07-23	Australia	Omicron 22D								2.0163268e-05	0.0008156257	5.1672885e-07	0.00025339567	1.6975357e-06	7.093877e-05	5.80807e-06
2022-07-24	Australia	Omicron 22D								1.8466588e-05	0.000827122	4.31523e-07	0.0002509447	1.5049185e-06	6.827306e-05	5.229094e-06
2022-07-25	Australia	Omicron 22D								1.7225317e-05	0.00083849	3.601475e-07	0.00024712252	1.3335879e-06	6.5141736e-05	4.667203e-06
2022-07-26	Australia	Omicron 22D								1.6165843e-05	0.0008497846	3.0041187e-07	0.00024581482	1.1813413e-06	6.197077e-05	4.14362e-06
2022-07-27	Australia	Omicron 22D								1.51660715e-05	0.0008610218	2.504981e-07	0.0002350469	1.030397e-06	5.880821e-05	3.6881943e-06
2022-07-28	Australia	Omicron 22D								1.4409394e-05	0.0008721993	2.0881332e-07	0.00022757087	8.984457e-07	5.5448596e-05	3.276581e-06
2022-07-29	Australia	Omicron 22D								1.3541849e-05	0.00088371587	1.7400103e-07	0.00022353182	7.8553677e-07	5.1973628e-05	2.9882406e-06
2022-07-30	Australia	Omicron 22D								1.2451452e-05	0.00089577254	1.4494007e-07	0.00021867098	6.866372e-07	4.994193e-05	2.6679882e-06
2022-07-31	Australia	Omicron 22D								1.1414674e-05	0.0009078408	1.206963e-07	0.00021387449	6.0210243e-07	4.7761987e-05	2.3780012e-06
2022-08-01	Australia	Omicron 22D								1.042684e-05	0.0009199298	1.0048039e-07	0.00020914682	5.247881e-07	4.5437504e-05	2.143081e-06
2022-08-02	Australia	Omicron 22D								9.623185e-06	0.0009320512	8.4039925e-08	0.00019968969	4.5623227e-07	4.296034e-05	1.9218426e-06
2022-08-03	Australia	Omicron 22D								8.783997e-06	0.0009442179	7.101132e-08	0.00019033898	3.9732555e-07	4.0609488e-05	1.7255489e-06
2022-08-04	Australia	Omicron 22D								8.104351e-06	0.0009429459	5.99263e-08	0.00018236379	3.4535663e-07	3.8584687e-05	1.5517362e-06
2022-08-05	Australia	Omicron 22D								7.501122e-06	0.00094029726	5.0572638e-08	0.0001769492	2.9900926e-07	3.6601195e-05	1.3786522e-06
2022-08-06	Australia	Omicron 22D								6.939684e-06	0.00093749096	4.268423e-08	0.00017166023	2.5720604e-07	3.4972327e-05	1.2183646e-06
2022-08-07	Australia	Omicron 22D								6.376654e-06	0.00093453925	3.6239012e-08	0.00016631861	2.2161096e-07	3.3444234e-05	1.0912211e-06
2022-08-08	Australia	Omicron 22D								5.939988e-06	0.0009314534	3.0764305e-08	0.00016134206	1.9335683e-07	3.184845e-05	9.559622e-07
2022-08-09	Australia	Omicron 22D								5.519133e-06	0.0009282436	2.6114645e-08	0.00015786153	1.6712923e-07	3.0370673e-05	8.3800296e-07
2022-08-10	Australia	Omicron 22D								5.0860745e-06	0.00092491944	2.2166201e-08	0.00015444384	1.4440431e-07	2.9081211e-05	7.465367e-07
2022-08-11	Australia	Omicron 22D								4.672479e-06	0.00092148967	1.8813626e-08	0.00015108919	1.2475185e-07	2.778718e-05	6.709173e-07
2022-08-12	Australia	Omicron 22D								4.282675e-06	0.00091796287	1.5967274e-08	0.0001467767	1.0775964e-07	2.6519985e-05	5.956657e-07
2022-08-13	Australia	Omicron 22D								3.900185e-06	0.0009143468	1.3550943e-08	0.00014062031	9.317107e-08	2.4886514e-05	5.3099836e-07
2022-08-14	Australia	Omicron 22D								3.582888e-06	0.00091064826	1.1499834e-08	0.00013471596	8.0599186e-08	2.3405595e-05	4.7377645e-07
2022-07-16	Australia	other								0.00029420288	0.0009405565	7.3936935e-05	0.0006803451	0.00013709463	0.00043230498	0.00018947061
2022-07-17	Australia	other								0.0002727803	0.00088551315	6.747457e-05	0.00063778786	0.00012542892	0.0004020189	0.0001739146
2022-07-18	Australia	other								0.00025377388	0.00083878846	6.152373e-05	0.0005965006	0.000114932045	0.0003749927	0.00015987702
2022-07-19	Australia	other								0.00023453243	0.0007975161	5.6036093e-05	0.00056124217	0.00010527685	0.00034804113	0.00014770028
2022-07-20	Australia	other								0.00021803664	0.00075243606	5.111775e-05	0.0005223913	9.612231e-05	0.0003220692	0.00013663518
2022-07-21	Australia	other								0.00020269176	0.0007058502	4.6606838e-05	0.000491382	8.7703054e-05	0.00029908214	0.00012555899
2022-07-22	Australia	other								0.00018836759	0.00066266424	4.2482745e-05	0.00046217896	8.0057536e-05	0.00027777272	0.00011535036
2022-07-23	Australia	other								0.00017440913	0.00062208355	3.869098e-05	0.00043179127	7.3790456e-05	0.0002592752	0.00010586237
2022-07-24	Australia	other								0.00015977318	0.0005832592	3.4917524e-05	0.0003996421	6.791295e-05	0.00024156635	9.754621e-05
2022-07-25	Australia	other								0.00014779205	0.00054643024	3.1477462e-05	0.00036950572	6.2164356e-05	0.000224814	8.9830675e-05
2022-07-26	Australia	other								0.00013630347	0.0005131459	2.8359698e-05	0.00034169722	5.687867e-05	0.00020866164	8.300606e-05
2022-07-27	Australia	other								0.00012588344	0.00047976532	2.555551e-05	0.00031606574	5.167417e-05	0.00019467027	7.639848e-05
2022-07-28	Australia	other								0.00011657333	0.00044822018	2.31882e-05	0.00029473729	4.6931338e-05	0.00018013561	7.00459e-05
2022-07-29	Australia	other								0.00010720111	0.00041850057	2.1050728e-05	0.0002732332	4.2601772e-05	0.00016718631	6.421468e-05
2022-07-30	Australia	other								9.854016e-05	0.00039188916	1.9104402e-05	0.00025621257	3.8805592e-05	0.00015477937	5.886885e-05
2022-07-31	Australia	other								9.1075286e-05	0.00036957994	1.7409413e-05	0.00023895793	3.5451394e-05	0.00014384827	5.401911e-05
2022-08-01	Australia	other								8.4020256e-05	0.00034841092	1.5782625e-05	0.00022074544	3.2130545e-05	0.00013345227	4.9753722e-05
2022-08-02	Australia	other								7.76029e-05	0.00032820166	1.4234946e-05	0.00020461889	2.9232251e-05	0.00012442374	4.584436e-05
2022-08-03	Australia	other								7.1740506e-05	0.00030720336	1.2821761e-05	0.00018948413	2.6635349e-05	0.00011451445	4.200841e-05
2022-08-04	Australia	other								6.630669e-05	0.00028754617	1.1582003e-05	0.00017727351	2.4272098e-05	0.000107239146	3.8942e-05
2022-08-05	Australia	other								6.112684e-05	0.0002691049	1.0523417e-05	0.000165065	2.2123613e-05	9.911049e-05	3.5859302e-05
2022-08-06	Australia	other								5.62727e-05	0.00025180294	9.559907e-06	0.00015342026	1.9969568e-05	9.2330774e-05	3.3024073e-05
2022-08-07	Australia	other								5.1652467e-05	0.00023557284	8.683154e-06	0.0001430534	1.7982004e-05	8.571397e-05	3.0146008e-05
2022-08-08	Australia	other								4.728999e-05	0.00021954453	7.885656e-06	0.00013273137	1.6272807e-05	7.977412e-05	2.7476079e-05
2022-08-09	Australia	other								4.342704e-05	0.0002045448	7.1443674e-06	0.00012353981	1.4836134e-05	7.3753305e-05	2.5076757e-05
2022-08-10	Australia	other								4.0030667e-05	0.00019041152	6.4781534e-06	0.00011486231	1.35367245e-05	6.824374e-05	2.287552e-05
2022-08-11	Australia	other								3.674323e-05	0.00017712454	5.8949227e-06	0.000106743995	1.2350427e-05	6.3304506e-05	2.1072365e-05
2022-08-12	Australia	other								3.3646284e-05	0.0001650897	5.3633703e-06	9.90789e-05	1.1203048e-05	5.8661484e-05	1.941777e-05
2022-08-13	Australia	other								3.076272e-05	0.0001538963	4.879053e-06	9.195473e-05	1.00833e-05	5.4197117e-05	1.7700982e-05
2022-08-14	Australia	other								2.8093546e-05	0.0001434439	4.4379485e-06	8.5437496e-05	9.074193e-06	4.9804337e-05	1.6168357e-05
2022-07-16	Australia	Omicron 21L								0.058491714	0.07010832	0.04760263	0.0647049	0.052312046	0.06199296	0.05504534
2022-07-17	Australia	Omicron 21L								0.053080007	0.06394716	0.042939603	0.05896049	0.04734562	0.05637554	0.049883883
2022-07-18	Australia	Omicron 21L								0.048142917	0.058279257	0.038722258	0.0536641	0.04279004	0.05117495	0.045177557
2022-07-19	Australia	Omicron 21L								0.043609902	0.053116016	0.03490886	0.048767626	0.03865565	0.046467327	0.040878106
2022-07-20	Australia	Omicron 21L								0.03949119	0.048341583	0.03146329	0.044243764	0.034921657	0.04213447	0.03699009
2022-07-21	Australia	Omicron 21L								0.035765152	0.04396098	0.028342359	0.04018694	0.031526756	0.038237948	0.033406246
2022-07-22	Australia	Omicron 21L								0.032367654	0.039956685	0.025520742	0.036470085	0.028430521	0.034701385	0.030191422
2022-07-23	Australia	Omicron 21L								0.029281255	0.036320806	0.022968886	0.03309462	0.025598083	0.031426907	0.027280703
2022-07-24	Australia	Omicron 21L								0.026479084	0.03303013	0.020662852	0.030017609	0.023040354	0.02845401	0.024643924
2022-07-25	Australia	Omicron 21L								0.023917118	0.030023474	0.018581737	0.027213858	0.02074904	0.025739761	0.022228427
2022-07-26	Australia	Omicron 21L								0.02157855	0.027277509	0.016697587	0.024676062	0.018651642	0.023306966	0.020060282
2022-07-27	Australia	Omicron 21L								0.019484263	0.024773557	0.014986709	0.022365933	0.016785972	0.021080498	0.018072052
2022-07-28	Australia	Omicron 21L								0.017592069	0.022484876	0.013456691	0.02026746	0.015101389	0.019057127	0.016281305
2022-07-29	Australia	Omicron 21L								0.015878906	0.020383846	0.012083083	0.018359972	0.013584692	0.017208021	0.014676135
2022-07-30	Australia	Omicron 21L								0.014329578	0.018473584	0.010845343	0.016625766	0.012217657	0.015533709	0.013215082
2022-07-31	Australia	Omicron 21L								0.012924768	0.016723104	0.00973147	0.015049507	0.01098517	0.014019743	0.011898389
2022-08-01	Australia	Omicron 21L								0.011653179	0.015150562	0.008707971	0.013613414	0.009874069	0.01265678	0.0107217645
2022-08-02	Australia	Omicron 21L								0.010509746	0.013723914	0.007791811	0.012324332	0.008872921	0.01142479	0.009646389
2022-08-03	Australia	Omicron 21L								0.009470439	0.012421964	0.006977197	0.0111482255	0.007964613	0.010305403	0.008682504
2022-08-04	Australia	Omicron 21L								0.008531135	0.011236681	0.0062494026	0.010073288	0.00714482	0.009292468	0.0078071067
2022-08-05	Australia	Omicron 21L								0.007685475	0.010167602	0.005577425	0.009091696	0.006408782	0.008381382	0.0070161885
2022-08-06	Australia	Omicron 21L								0.00691987	0.009200465	0.0049764356	0.008213951	0.005749129	0.0075588385	0.0063063055
2022-08-07	Australia	Omicron 21L								0.006228024	0.008323804	0.0044535724	0.007415563	0.0051566022	0.0068141744	0.005671553
2022-08-08	Australia	Omicron 21L								0.0056053465	0.0075293845	0.003985036	0.006692415	0.0046285857	0.00614353	0.005098757
2022-08-09	Australia	Omicron 21L								0.005045406	0.0068096872	0.003572855	0.006039489	0.00415025	0.005537169	0.004581167
2022-08-10	Australia	Omicron 21L								0.0045372406	0.0061578494	0.0032089674	0.005453582	0.0037208155	0.0049921283	0.004116921
2022-08-11	Australia	Omicron 21L								0.004085811	0.0055660424	0.002877369	0.0049212473	0.003335367	0.00449963	0.0036972824
2022-08-12	Australia	Omicron 21L								0.0036772415	0.005028951	0.0025742156	0.0044428464	0.0029894682	0.0040537757	0.0033216903
2022-08-13	Australia	Omicron 21L								0.0033108098	0.004544395	0.0023027486	0.004010259	0.0026791196	0.0036503254	0.0029847724
2022-08-14	Australia	Omicron 21L								0.0029799528	0.004106777	0.0020596958	0.0036218541	0.0023999927	0.003288331	0.0026807159
